f,PSO1,PSO10,PSO2,PSO3,PSO4,PSO8
"-(10*(np.amax(np.log(abs(array_x))-abs(array_x)/-((np.array(range(1, array_x.shape[1]+1)))), axis=1)-np.sqrt(abs(np.cos(2*np.pi*9.674648545528047)))))",0.3764960949331006,0.5674279830508959,0.3298912024402997,0.3706443040694284,0.2958026157257977,0.6344232370185372
"1/(np.mean(np.cumsum(np.sin(2*np.pi*6.94411657912957-np.cos(2*np.pi*array_x)), axis=1), axis=1))",0.6897834546270012,0.6241821339004301,0.7618900033258282,0.6990292543399584,0.7443825585301579,0.5743993092110801
"1/(np.mean(np.sqrt(abs(np.sqrt(abs(np.sqrt(abs(array_x))))))+4.559852403275656/7.774566791775114, axis=1))+np.sin(2*np.pi*1/(np.mean(np.sqrt(abs(np.sqrt(abs(np.sqrt(abs(array_x))))))+6.160209909409531/2.6426101436597977, axis=1)))",0.16286079847275542,0.9885379970124231,0.002794469189151256,0.15168661316526308,0.0018229005959441264,0.9634525551739952
"10*(np.mean(3.48554585238704/np.square((np.array(range(1, array_x.shape[1]+1)))*array_x-9.622596772207135), axis=1))",0.2667358126648927,0.2737428582819388,0.4013729226172124,0.23052013817958372,0.36806686837415425,0.25139709864802373
"10*(np.round(3.964094445311643))+np.log(abs(np.log(abs(np.sum(array_x, axis=1)))))",0.8072196025153364,0.6630386349585886,0.8765329069378636,0.8693532257211278,0.879529243977021,0.6051615943183863
"10*(np.sqrt(abs(np.mean(np.round(np.sin(2*np.pi*abs(9.947468005219324))-np.square(4.5786925014348+(np.array(range(1, array_x.shape[1]+1)))*array_x*(np.array(range(1, array_x.shape[1]+1)))*array_x/8.826549836525931)), axis=1))))",0.25647608586197035,0.3422495915408534,0.6403847735911937,0.26405289408267413,0.7456238340053006,0.2736241212823062
"4.899656991800136-np.sin(2*np.pi*np.sum((np.array(range(1, array_x.shape[1]+1)))*array_x, axis=1))",0.25411642292923126,0.2588280063613098,0.2804134030671045,0.2584846010506099,0.2998049131303484,0.25982622935493416
"5.6993742264825284/np.prod(array_x, axis=1)-np.sqrt(abs(6.035058962522362))+1.485759404044337",0.620934661903883,0.5030694823576254,0.7170760242067804,0.6553209729450294,0.7302770334498919,0.5322418595512338
"6.419162196603271+np.cos(2*np.pi*np.sum(array_x, axis=1))",0.19995235763933197,0.24962003110294248,0.30167035775814477,0.2006553049007444,0.25061185514248424,0.17807886420131566
"np.amax(abs(-(array_x))+np.round(7.96335016047392)-2.828066934403915, axis=1)",0.16454639991791808,0.30335659870465753,0.7949566211061123,0.23039188524698379,0.9884519149976353,0.3235757559649835
"np.amax(array_x, axis=1)+np.sqrt(abs(np.sum(array_x/3.9934702415362575, axis=1)))+2.4111542037835534",0.27054435471779975,0.507180493785302,0.5381293741142059,0.2893797400817965,0.5669412642501892,0.5067791079407576
"np.amax(np.cos(2*np.pi*array_x+3.387718904303112), axis=1)-1/(9.972659188225004)",0.756998035887583,0.5696905341425401,0.8176111291198491,0.7826011678555648,0.8100711325044573,0.3814158957061152
"np.amax(np.exp(10*(array_x-2.5299262129814224)-np.exp(np.sin(2*np.pi*7.82877770402434))-array_x/7.283002256513357), axis=1)",0.1759965364150396,0.6007561341709581,0.20084056240713108,0.11985844175983922,0.165833575090323,0.6407433197890019
"np.amax(np.round(array_x)-8.680456881017847, axis=1)+np.sin(2*np.pi*np.amax(np.round(array_x)-9.759132712752445, axis=1))",0.5368771823748041,0.640825324057371,0.3888523129973045,0.5412171999469484,0.4330409306997647,0.6303970914190901
"np.amax(np.sqrt(abs(8.517122231063377/array_x+np.exp(np.square(array_x*array_x)))), axis=1)+np.sin(2*np.pi*np.amax(np.sqrt(abs(9.96587056599238/array_x+np.exp(np.square(array_x*array_x)))), axis=1))",0.15980198431852163,0.256961847958741,0.49134930395584114,0.22995949284843767,0.6702827335003779,0.20613029756624063
"np.cos(2*np.pi*5.859707662810879*np.sum(array_x, axis=1)-np.square(abs(1.577305160839217)))+np.mean(array_x*array_x*1.4823539328569406*np.sin(2*np.pi*8.487479887856853), axis=1)",0.2923292604277837,0.2722723011950022,0.683885041028106,0.4217336342393554,0.6592634935916712,0.180148523505705
"np.cos(2*np.pi*np.amax(array_x*np.sqrt(abs(array_x)), axis=1))",0.2725785661248521,0.245404451493255,0.26999925175315453,0.28457609209235707,0.3096810686790264,0.2571507922020837
"np.cos(2*np.pi*np.square(np.square(np.mean(10*(array_x), axis=1))))",0.2745887562900916,0.2656597031352058,0.18022285761857437,0.28181689861493486,0.3025486718603302,0.23492572096214917
"np.exp(1.086602412234349)-np.sqrt(abs(array_x[:,0]))-np.prod(np.sqrt(abs(array_x*np.sqrt(abs((np.array(range(1, array_x.shape[1]+1))))))), axis=1)",0.39072842605526253,0.8954390159512751,0.05349141400935736,0.40861894356265543,0.017611912046493216,0.8777791329074421
"np.mean((np.array(range(1, array_x.shape[1]+1)))*4.779791745063356*9.504635536172373+np.exp(array_x)*np.sin(2*np.pi*array_x), axis=1)+10*(np.sin(2*np.pi*np.mean((np.array(range(1, array_x.shape[1]+1)))*4.21832319895202*2.507767698277684+np.exp(array_x)*np.sin(2*np.pi*array_x), axis=1)))",0.4490645340711071,0.571374397841603,0.48224009646296245,0.4465122656445291,0.503648356210358,0.5670605225137191
"np.mean(-(2.266253976973269/array_x+8.217494231243002-array_x), axis=1)",0.8244954457490181,0.7806659094557847,0.8741772127589752,0.8516956299240658,0.884021164946823,0.643278638000757
"np.mean(-(abs(array_x))-np.sin(2*np.pi*2.1143610560570982), axis=1)+np.sin(2*np.pi*np.mean(-(abs(array_x))-np.sin(2*np.pi*5.133754993209164), axis=1))",0.2744739486333964,0.5046506995679116,0.1815282903117913,0.26988956962249067,0.20026815134144446,0.5536457840018463
"np.mean(-(np.round(np.sqrt(abs(array_x-np.square(array_x)-8.308318047185313)))), axis=1)+10*(np.sin(2*np.pi*np.mean(-(np.round(np.sqrt(abs(array_x-np.square(array_x)-6.962468850864454)))), axis=1)))",0.3130433849736091,0.42990298240423025,0.33693850416212684,0.3251674365803981,0.32882819905790966,0.4606415800680789
"np.mean(-(np.sin(2*np.pi*2.568284777137516-array_x)*np.sin(2*np.pi*6.083232388973245)), axis=1)+np.sin(2*np.pi*np.mean(-(np.sin(2*np.pi*3.9889667765067656-array_x)*np.sin(2*np.pi*2.893777203928793)), axis=1))",0.4837897051384566,0.4623124227085518,0.4872227859408385,0.5081374466117641,0.46178508300315796,0.43587042551878347
"np.mean(-(np.sqrt(abs(array_x)))/array_x, axis=1)",0.538731458638379,0.4783706020677929,0.667159798892948,0.6126149966779084,0.6871210158044243,0.40799101662403287
"np.mean(-(np.sqrt(abs(np.sin(2*np.pi*8.494868788984618)))+np.square(np.square(4.446896521585966)/array_x-2.7923355976250077)), axis=1)+10*(np.sin(2*np.pi*np.mean(-(np.sqrt(abs(np.sin(2*np.pi*7.927187237821351)))+np.square(np.square(3.964264613188629)/array_x-2.9131866710393286)), axis=1)))",0.901980290283754,0.6176300145931408,0.946975716259065,0.9388372930314118,0.9350935721738536,0.42481052983400436
"np.mean(1.1336935451645016+np.exp(array_x)-np.sqrt(abs(2.7680632652559627-array_x+4.003880485543914*(np.array(range(1, array_x.shape[1]+1)))*array_x+9.278449612183874)), axis=1)",0.1811169497606285,0.6463641418729499,0.2782010242834487,0.22754253739588864,0.32717320486159773,0.5529573617858958
"np.mean(1/((np.array(range(1, array_x.shape[1]+1))))-array_x/array_x*3.737362975560991-1/(np.round(np.sqrt(abs(7.594716749336023+array_x)))), axis=1)",0.4941802681374518,0.9143630563993422,0.2945631697105682,0.3995863004002376,0.22050208932509832,0.7715774592014479
"np.mean(1/(10*(np.cos(2*np.pi*np.square(3.0016731108996786+(np.array(range(1, array_x.shape[1]+1)))*array_x-9.597906351903084/(np.array(range(1, array_x.shape[1]+1)))*array_x-6.699512760784947*np.sqrt(abs(9.635360999091564+(np.array(range(1, array_x.shape[1]+1)))*array_x/np.cos(2*np.pi*np.log(abs(9.748218471889722))))))))), axis=1)",0.8221764730331858,0.7649320426371077,0.860025534113846,0.8268748884499244,0.8533188061336985,0.6258929327006267
"np.mean(1/(7.227687435523764*array_x*4.224418627326845*array_x)-np.square(np.sin(2*np.pi*2.80648208729876)*array_x+8.382240343987117), axis=1)",0.4811352142878588,0.8860789297082057,0.16830853777389315,0.45972105564794336,0.16059237514946814,0.851738243564065
"np.mean(1/(np.sin(2*np.pi*array_x)), axis=1)+10*(np.sin(2*np.pi*np.mean(1/(np.sin(2*np.pi*array_x)), axis=1)))",0.40332695281828096,0.40533908881456077,0.45466649712443785,0.40893922768507324,0.6166026403287629,0.3960990141031733
"np.mean(1/(np.sqrt(abs((np.array(range(1, array_x.shape[1]+1)))+abs(3.420645224303212)-1.2624243880113888))-8.551735737449677*array_x*3.012543860903507), axis=1)+10*(np.sin(2*np.pi*np.mean(1/(np.sqrt(abs((np.array(range(1, array_x.shape[1]+1)))+abs(7.113545688785518)-2.9293921100150477))-4.9953379700542015*array_x*9.269296548798282), axis=1)))",0.8379678019626834,0.5484683826176397,0.8854436542940687,0.8594238641425995,0.8785832024623502,0.5296799273115717
"np.mean(1/(np.square(5.0195050250909965)-2.185011270491164*9.264908512662338-array_x), axis=1)/-(4.428262919312939)+np.sin(2*np.pi*np.mean(1/(np.square(7.1589337975855045)-5.210991473893074*3.637350967898631-array_x), axis=1)/-(3.984966312848434))",0.5606170426732812,0.8236546878311715,0.3983988662149058,0.5771057287595536,0.4239423703095641,0.7612568390701688
"np.mean(10*(7.791500820875203*array_x*np.square(1.6844947819284481))-np.sqrt(abs(4.133172312510416))/np.sin(2*np.pi*np.sin(2*np.pi*9.785439266214453)/np.sqrt(abs(array_x))+6.15811874237348), axis=1)+np.sin(2*np.pi*np.mean(10*(7.294108132778027*array_x*np.square(4.2947138812195345))-np.sqrt(abs(9.101261452579507))/np.sin(2*np.pi*np.sin(2*np.pi*9.868922317895414)/np.sqrt(abs(array_x))+4.848840861098085), axis=1))",0.588448126072368,0.7906322655613134,0.24547682045133684,0.5373787262434717,0.22889743824669373,0.7692623037852547
"np.mean(10*(7.855719649058586)+(np.array(range(1, array_x.shape[1]+1)))*array_x*(np.array(range(1, array_x.shape[1]+1)))-4.1328493773617865-(np.array(range(1, array_x.shape[1]+1)))*array_x, axis=1)",0.3405165942488081,0.8806810863494676,0.1200253708306177,0.3360417171659875,0.12339093366959934,0.909510439715696
"np.mean(10*(np.round(7.040519091083933))*abs(1.1716600300126119+array_x)+8.903344858890929, axis=1)",0.18226505448251232,0.39261178999035,0.7906597120294141,0.16976630217168162,0.8932989774545996,0.3023902202395703
"np.mean(10*(np.sqrt(abs(9.310007011657255/array_x))*6.487944941330852)+4.418291791928142*1/(6.073744579210589)-array_x, axis=1)",0.18047070735383378,0.9579230206546595,0.030452056623223537,0.17168226028970385,0.042088515261656134,0.9377511893753521
"np.mean(10*(np.sqrt(abs(array_x+4.366870753470883))), axis=1)",0.4023522694446842,0.991733718494513,0.03591834693535766,0.38310692864109425,0.024196777810379974,0.9890915726837946
"np.mean(2.3672288891828916/np.square(6.139361348796253+np.exp(5.214039279846198/array_x)), axis=1)",0.40446362899689187,0.6179703358288189,0.45122656906552217,0.459626793112014,0.5341500590441653,0.5660992138856041
"np.mean(2.466908066825981/np.sqrt(abs((np.array(range(1, array_x.shape[1]+1)))*array_x)), axis=1)",0.24175599253133828,0.9610724097920678,0.027465550967026117,0.23643280075966472,0.037098959470012,0.9338125754014552
"np.mean(3.2438779486348084*np.sqrt(abs(array_x))*np.log(abs(array_x-5.968148071958888)), axis=1)+10*(np.sin(2*np.pi*np.mean(2.410738567683798*np.sqrt(abs(array_x))*np.log(abs(array_x-4.468531557193156)), axis=1)))",0.5957675385556711,0.7308660725377589,0.3019797974915504,0.6443184315450258,0.21210169506655663,0.7707746916314904
"np.mean(3.277143341394376+np.exp(array_x-1.4342007869268936)+6.6892993793884505, axis=1)+10*(np.sin(2*np.pi*np.mean(2.618116652028554+np.exp(array_x-6.67811805102349)+2.7985060668572053, axis=1)))",0.12263408820097414,0.8445280198267092,0.1726989780955151,0.1853838562177508,0.19622999987671147,0.7484145731473064
"np.mean(3.331202551501058+np.cos(2*np.pi*array_x), axis=1)+np.sin(2*np.pi*np.mean(2.627091148943889+np.cos(2*np.pi*array_x), axis=1))",0.3262934329559166,0.37463191056350714,0.3402846072014109,0.44506017317431623,0.501581503092072,0.382680800660984
"np.mean(3.6980704737059042/np.exp(2.4669010912317244*array_x-3.296825800722841), axis=1)",0.04843247633047588,0.5046695896409497,0.04027877902417343,0.044482048705605834,0.03789983303493429,0.9382920611904843
"np.mean(3.8703144592751952-np.cumsum(np.round(array_x), axis=1), axis=1)+np.sin(2*np.pi*np.mean(5.300182180159671-np.cumsum(np.round(array_x), axis=1), axis=1))",0.3794294979912691,0.9033174129769007,0.12234151589557608,0.3478743846469082,0.10555948557046115,0.9201971365378833
"np.mean(4.609431987380567*np.exp(np.sqrt(abs(np.cos(2*np.pi*array_x)/3.4943715041679244/(np.array(range(1, array_x.shape[1]+1)))))), axis=1)+10*(np.sin(2*np.pi*np.mean(8.445311750117527*np.exp(np.sqrt(abs(np.cos(2*np.pi*array_x)/3.314426435799138/(np.array(range(1, array_x.shape[1]+1)))))), axis=1)))",0.277203077088424,0.2690414294901469,0.35154711165707225,0.29831101058203613,0.3541087618573222,0.2899222707538952
"np.mean(4.829616174150516+np.square(array_x)-np.cos(2*np.pi*np.cos(2*np.pi*10*(1.1241649327370777-array_x-3.02691758516919))), axis=1)",0.13156675694806638,0.18702140734006778,0.9849207407611003,0.17629660601511826,0.857985675842492,0.22481155216646587
"np.mean(5.420530533117203-(np.array(range(1, array_x.shape[1]+1)))*array_x*(np.array(range(1, array_x.shape[1]+1))), axis=1)",0.2735014045088127,0.9634908560955496,0.0419448675393539,0.2367148117212287,0.03155496229077774,0.9731340855466645
"np.mean(6.241792701052372+array_x, axis=1)+10*(np.sin(2*np.pi*np.mean(8.55615634241952+array_x, axis=1)))",0.5493398714320503,0.5829516303427763,0.3762695295541028,0.6405962545355304,0.2589982083972272,0.6134724230417091
"np.mean(6.573317734799484+6.425193633890426+array_x*5.428755327695077/np.square(abs(3.1380652365276944/array_x+array_x-array_x)), axis=1)",0.5006689925195115,0.9827858403389531,0.08675124632159407,0.4836310492441209,0.026515527370577656,0.9750688307779545
"np.mean(6.838428280379584+array_x, axis=1)+np.sin(2*np.pi*np.mean(5.261103286313436+array_x, axis=1))",0.9400037289047163,0.9953670121278673,0.061005840314251075,0.883701599655469,0.031786624106580036,0.988063467185513
"np.mean(6.874629204859134+np.square(2.655476696898533+np.log(abs(array_x)))/9.326394932464192, axis=1)",0.3382474565541303,0.1344768866859879,0.8956603355026799,0.3682135189065412,0.9552471095468732,0.23346823306132236
"np.mean(7.180020501067352+np.square(np.sqrt(abs(array_x))-array_x-9.290263316782296), axis=1)+np.sin(2*np.pi*np.mean(2.557396926064322+np.square(np.sqrt(abs(array_x))-array_x-7.09097872766508), axis=1))",0.33261596815606204,0.991860702406642,0.011228611811265513,0.33340826544060725,0.019863988966806932,0.9908113105296907
"np.mean(7.592455341389659/abs(array_x)-abs(8.060219409221737)*array_x-3.066524530412715, axis=1)+10*(np.sin(2*np.pi*np.mean(7.826485287555816/abs(array_x)-abs(3.105761804394392)*array_x-1.1066654658473212, axis=1)))",0.4872174155228468,0.5181601757565235,0.5462905522768836,0.5231927740833574,0.5669936530804675,0.4547149695691995
"np.mean(7.765537534375708+np.round(np.log(abs(array_x))), axis=1)",0.5268522809928845,0.13304918162172533,0.8729922678182713,0.6033538901633871,0.9064946368015661,0.14863375814324314
"np.mean(7.790275704642789+array_x*2.5635094976750064-2.684388749741408, axis=1)+np.sin(2*np.pi*np.mean(4.7754626953133865+array_x*8.034814166021317-7.625849313908985, axis=1))",0.5746205403725767,0.9904193162766982,0.07933237120788138,0.5338576460502262,0.027944877363846907,0.9723383385316815
"np.mean(7.830536546658682-np.cos(2*np.pi*array_x-1.2159330136548445), axis=1)",0.6396477126578626,0.3162508674588061,0.7124953132310573,0.6689622381417883,0.7293670461765999,0.2687401822060166
"np.mean(9.079068653802912/9.20366743497073-np.log(abs(array_x)), axis=1)+10*(np.sin(2*np.pi*np.mean(2.133599969586287/8.529534794103412-np.log(abs(array_x)), axis=1)))",0.3203801301847294,0.23104981940226185,0.41203230621517506,0.28705052650727303,0.44979048319943193,0.2666678072157871
"np.mean(9.11677919603845/8.31919607201074+(np.array(range(1, array_x.shape[1]+1)))+4.714109210417256-np.sqrt(abs(np.sin(2*np.pi*array_x+3.7702579694170173/5.8774228831884745))), axis=1)",0.6637251092034789,0.44453251287965756,0.6848471133049165,0.633623081863197,0.6716818677284782,0.4844522467936814
"np.mean(9.870726556525597-np.cos(2*np.pi*array_x)*(np.array(range(1, array_x.shape[1]+1)))*array_x/array_x+5.549161569049778, axis=1)+10*(np.sin(2*np.pi*np.mean(6.9820258351852305-np.cos(2*np.pi*array_x)*(np.array(range(1, array_x.shape[1]+1)))*array_x/array_x+8.66029065958246, axis=1)))",0.4867137887189545,0.47642393580104775,0.5522136081905845,0.5258222745692813,0.5939662542696627,0.35545709969190464
"np.mean(9.988403154269388/np.exp((np.array(range(1, array_x.shape[1]+1)))*array_x), axis=1)",0.13709223028235584,0.599877175626,0.1609240092199617,0.10648305898202043,0.15957176856167463,0.7431664285201479
"np.mean(abs(2.4849786722835985/array_x)/np.sin(2*np.pi*4.387206716151337/np.exp((np.array(range(1, array_x.shape[1]+1))))), axis=1)",0.3260669628654755,0.7630640359516964,0.19755774015572583,0.3462867173551635,0.20870460596420629,0.7795137038828375
"np.mean(abs(9.827151078836437/array_x)/3.0302449848641446-np.sqrt(abs(array_x))-4.409068465586952+array_x*7.552435492848248, axis=1)",0.450079326384669,0.663579124432545,0.3627057955968216,0.430996176701208,0.36798872732752164,0.6568019214809994
"np.mean(abs(array_x-np.exp((np.array(range(1, array_x.shape[1]+1))))-5.857728742176936)*4.964859115271846, axis=1)+np.sin(2*np.pi*np.mean(abs(array_x-np.exp((np.array(range(1, array_x.shape[1]+1))))-4.559354992843655)*4.518270717405395, axis=1))",0.4011671510948566,0.980146471536454,0.0343338057926716,0.35505794956741105,0.024231906089292862,0.9732532829741716
"np.mean(abs(np.cos(2*np.pi*np.exp(6.154882276805868*array_x-np.sqrt(abs(array_x))))), axis=1)+10*(np.sin(2*np.pi*np.mean(abs(np.cos(2*np.pi*np.exp(3.9944177147199835*array_x-np.sqrt(abs(array_x))))), axis=1)))",0.28132577072800014,0.3458693129908926,0.4464788716594555,0.35703558727515605,0.5036444111404701,0.3098672700508389
"np.mean(abs(np.exp(2.063753288641157*(np.array(range(1, array_x.shape[1]+1)))*array_x)), axis=1)",0.10459037035471784,0.8081845184492973,0.13085550411653016,0.08758348460613993,0.15567553342025064,0.4576315027966472
"np.mean(abs(np.exp(array_x)*np.sin(2*np.pi*array_x)+np.exp(np.sqrt(abs(1.4192496718311787)))), axis=1)",0.2626304824961482,0.3013223333223436,0.4310271414151196,0.2848134966666493,0.6191648573261166,0.2893249506765871
"np.mean(abs(np.sin(2*np.pi*2.785474964840405-array_x-array_x*9.883673305681024+np.cos(2*np.pi*array_x+7.634485887081171)+9.130781160818026)), axis=1)",0.5808428984829377,0.3931299916363313,0.6529511330580797,0.6650910733526234,0.6855444745192016,0.38150134055792917
"np.mean(abs(np.sin(2*np.pi*array_x))-2.6338929234791952-abs(-(abs(4.94490342007989+array_x))), axis=1)",0.3539331952117569,0.9850730574819125,0.017800033421910055,0.29156989747589424,0.004064442687720601,0.9926305260551775
"np.mean(array_x*3.9211046052084724, axis=1)+np.sin(2*np.pi*np.mean(array_x*3.0013147619145943, axis=1))",0.4562627236243006,0.9676576233053404,0.03270611452224245,0.4382918061025631,0.03485795060867493,0.9673894705898975
"np.mean(array_x+np.square(6.01084134706696), axis=1)+10*(np.sin(2*np.pi*np.mean(array_x+np.square(7.222053225324686), axis=1)))",0.5771467662859645,0.5695820406491848,0.36122630549412243,0.6072167118819377,0.22446752739449016,0.3249161560399843
"np.mean(array_x-2.3277064170292947*array_x*1.0912945806621381, axis=1)+np.sin(2*np.pi*np.mean(array_x-5.568337887035332*array_x*6.7049920027284475, axis=1))",0.5746606351517823,0.960296959077384,0.0929146314418809,0.552402995076218,0.09412667661221215,0.9405236281389842
"np.mean(array_x-np.sqrt(abs(1.6743222693155357-array_x)), axis=1)+np.sin(2*np.pi*np.mean(array_x-np.sqrt(abs(6.881586790479246-array_x)), axis=1))",0.8233645570499759,0.957897638778241,0.1600590327064812,0.7756402707763267,0.14875615652708715,0.9110008662250867
"np.mean(array_x/9.6264540894007*np.sqrt(abs(abs(6.033663989318278-(np.array(range(1, array_x.shape[1]+1))))-2.32945659721462)), axis=1)+10*(np.sin(2*np.pi*np.mean(array_x/8.631517982722757*np.sqrt(abs(abs(2.6448741789498738-(np.array(range(1, array_x.shape[1]+1))))-4.141699640966223)), axis=1)))",0.316948506869251,0.23102214247641906,0.3420299006184166,0.3018928965058542,0.3984371410678855,0.20227025937563237
"np.mean(np.cos(2*np.pi*-(np.sqrt(abs(5.8856837865212865/(np.array(range(1, array_x.shape[1]+1)))*array_x)))), axis=1)",0.5126222457620809,0.4644918370007927,0.6081954434069022,0.544050021753591,0.6593655995679726,0.43138758927510806
"np.mean(np.cos(2*np.pi*1/(1.8128024375491685))+5.839854424536533/np.sqrt(abs(array_x+(np.array(range(1, array_x.shape[1]+1))))), axis=1)",0.31533252211504437,0.3450786506552933,0.5030684778249603,0.3909782895410914,0.5674314539231256,0.3279706009350642
"np.mean(np.cos(2*np.pi*2.551242097640345/abs(6.307070497171804*array_x)-6.9578166458955675), axis=1)",0.5527889817578795,0.12582316645570352,0.8834885361443782,0.5822149781623603,0.9432000117803672,0.12551065852297966
"np.mean(np.cos(2*np.pi*7.0727204987664205)-2.1928504341416155/6.9629786631401664-array_x/3.6503974726711+array_x, axis=1)+np.sin(2*np.pi*np.mean(np.cos(2*np.pi*6.282233094600665)-8.679850932337484/8.588637380029919-array_x/5.341214013353274+array_x, axis=1))",0.5241728747484112,0.6405178665567627,0.41976061530067793,0.4831374550609525,0.4067357719639398,0.586071535113184
"np.mean(np.cos(2*np.pi*8.54246579234382)/array_x/np.square(1.8385456043441906-array_x/6.725930660915885), axis=1)+10*(np.sin(2*np.pi*np.mean(np.cos(2*np.pi*4.846231425509708)/array_x/np.square(6.1435014865618935-array_x/3.8085111428811294), axis=1)))",0.815188134410484,0.624615680277535,0.8802668426772615,0.8083688073109556,0.8580308496897434,0.6336580910263507
"np.mean(np.cos(2*np.pi*array_x)*array_x/1.9415446268593648-np.sin(2*np.pi*array_x)+1.0137028906200563+2.483847125175854*array_x-2.379651025660291, axis=1)",0.3920116157200095,0.983244027706705,0.03074978106364115,0.34060519939985007,0.025248869147223085,0.9825883822840471
"np.mean(np.cos(2*np.pi*array_x/9.197631061298466*np.exp(6.561613892906407)-1/(10*(5.198597864029059))), axis=1)",0.5594371783672198,0.40781352792896536,0.6717577780694769,0.5616237559716805,0.6272594924060175,0.387521030376212
"np.mean(np.cos(2*np.pi*np.cos(2*np.pi*array_x)*8.408646377063963-np.square(1.0315482182208418/(np.array(range(1, array_x.shape[1]+1))))), axis=1)",0.6191590580435297,0.44849379488959173,0.6897990502844845,0.5971290647150782,0.6674030905303723,0.3355707755176443
"np.mean(np.cos(2*np.pi*np.exp(array_x-6.694842783213575/7.289908426453567)-np.sqrt(abs(np.log(abs(2.362322113864916))))/(np.array(range(1, array_x.shape[1]+1)))/2.00046561384189+array_x), axis=1)",0.5324045021900973,0.47077386988155423,0.5945097240289428,0.5165035360411584,0.5900297322909218,0.49802683929488756
"np.mean(np.cos(2*np.pi*np.sin(2*np.pi*8.025845207869793)+np.sqrt(abs(array_x))-9.395762844561526), axis=1)",0.46856257729605205,0.0892640489806936,0.8795844037830588,0.5076359642720868,0.9518291253467757,0.1558863724215627
"np.mean(np.cos(2*np.pi*np.sin(2*np.pi*9.00138628392881))-array_x/2.2659969176648564-3.4363324549892678/array_x, axis=1)",0.8252024585606844,0.7476759446374588,0.9055141881964672,0.8792537117503058,0.8901462694004714,0.5266066546722017
"np.mean(np.cos(2*np.pi*np.sin(2*np.pi*9.096861630573233+(np.array(range(1, array_x.shape[1]+1)))))+9.637050604989772-array_x-abs(4.843702685709482), axis=1)+np.sin(2*np.pi*np.mean(np.cos(2*np.pi*np.sin(2*np.pi*9.890571088953411+(np.array(range(1, array_x.shape[1]+1)))))+2.1785790938598413-array_x-abs(6.955095027510183), axis=1))",0.9193258622154126,0.9750098695107691,0.08225571903141862,0.8576224456846058,0.03430684259595181,0.9760073827772575
"np.mean(np.cos(2*np.pi*np.sqrt(abs(4.949436855854442-np.exp(np.log(abs(1.513951248541321))*np.log(abs(array_x)))))), axis=1)",0.2938131507016289,0.9393728400284468,0.015172043076325444,0.3026633077469944,0.0093387554942694,0.9774110819219253
"np.mean(np.exp(array_x)-3.986438927420809-array_x-4.062587796549897-array_x+array_x+np.sin(2*np.pi*array_x-7.075801389827354)-7.034193228636704-8.60497298313419, axis=1)",0.1095062787865971,0.6233217109623653,0.11860788487202914,0.09720137451025573,0.12809796269392526,0.8318720220815677
"np.mean(np.exp(array_x/5.324585318739204)/4.197574032490967-8.73781374846088-(np.array(range(1, array_x.shape[1]+1))), axis=1)",0.31699935109676125,0.989510706743862,0.013662717150186661,0.24506665158015145,0.02627447088064729,0.948091050590196
"np.mean(np.exp(np.exp(5.926297171870897-np.sqrt(abs(np.cumsum(4.752355621876833+np.sqrt(abs(np.sqrt(abs(array_x)))), axis=1)+9.138893116664836*array_x)))), axis=1)",0.3328780705191921,0.34708126045349585,0.5526810383124703,0.38623486031137344,0.5505669136123208,0.3110255658754064
"np.mean(np.exp(np.sqrt(abs((np.array(range(1, array_x.shape[1]+1)))*array_x-4.3905725030639395+2.7404584483661707*(np.array(range(1, array_x.shape[1]+1)))+3.2594156455737333))), axis=1)",0.12348783451054231,0.8267366805144257,0.21639098291207187,0.14247914201779419,0.23250765367164836,0.6979029594451918
"np.mean(np.exp(np.square(np.round(array_x)-np.sqrt(abs(4.102593835950176))+array_x)+np.log(abs(8.409900252183032-array_x))), axis=1)",0.14383364059889087,0.6463613709357332,0.2114566212225515,0.13860939207867004,0.2616084508200463,0.6721519891158821
"np.mean(np.log(abs(1.9518276117952307/array_x/5.971276416960172+np.log(abs(7.838979398984343))/array_x*3.4249386907754005/array_x*7.634369600956831)), axis=1)+10*(np.sin(2*np.pi*np.mean(np.log(abs(4.162427390595615/array_x/7.410832400532547+np.log(abs(3.3691690000137187))/array_x*7.9383831261905415/array_x*2.4928579659487413)), axis=1)))",0.2837872146091726,0.43843184348574693,0.3159202166940616,0.3402285447134396,0.2995766821653117,0.4259053917440365
"np.mean(np.log(abs(1/(8.342116209806521+array_x*array_x))), axis=1)",0.29765430666790155,0.9796929388447312,0.005584941389192095,0.30342822840992834,0.00514128575348716,0.9890169173601607
"np.mean(np.log(abs(1/(array_x*2.7866543514300455)))+np.log(abs(1/(1.6473591026552308)-array_x)), axis=1)",0.5724753906756899,0.4359140937829209,0.7552592484467567,0.6309831994039603,0.7486106115064457,0.3269934471261542
"np.mean(np.log(abs(10*(np.log(abs(3.157509133741214))/abs(9.090424135585263)/array_x-np.cos(2*np.pi*1.9807826051678559/array_x)))), axis=1)",0.4976278981848503,0.26011716727993883,0.7349991257044453,0.5609341203687398,0.7849640754121754,0.30177005344225016
"np.mean(np.log(abs(2.714242776648093))+array_x, axis=1)+np.sin(2*np.pi*np.mean(np.log(abs(8.633730634089122))+array_x, axis=1))",0.8238898332339606,0.9929091076600947,0.06669176683514089,0.7504070889830428,0.065382408097854,0.9882301389112874
"np.mean(np.log(abs(4.428334407156545/array_x+4.592225691204712))*np.exp(np.square(array_x)/9.899706034359255)*np.sin(2*np.pi*8.449849319937298), axis=1)+10*(np.sin(2*np.pi*np.mean(np.log(abs(2.678268165529518/array_x+9.16319955591714))*np.exp(np.square(array_x)/7.693108347060343)*np.sin(2*np.pi*2.564097642304995), axis=1)))",0.2834156795438531,0.270728102811196,0.3593480849001422,0.4115817697800202,0.30810752931511476,0.21978087418613895
"np.mean(np.log(abs(8.107287395450872-np.log(abs(array_x)))), axis=1)",0.17835602796170424,0.990295807974612,0.0028670765385900385,0.16422953673325735,0.0018630618131823134,0.9606461502329163
"np.mean(np.log(abs(array_x))/array_x*9.964611207786197+9.584494055280073, axis=1)",0.8341563915608332,0.7588912133517113,0.9063022488622404,0.872804661616335,0.8766888549277583,0.5957485745063884
"np.mean(np.log(abs(np.cos(2*np.pi*array_x)))*array_x, axis=1)",0.7000505242732536,0.7160146151676908,0.8211595570260467,0.78543769769793,0.801069322616071,0.6921619481733806
"np.mean(np.log(abs(np.round(1.5024306382754538)+array_x))*3.355522612506606*np.sqrt(abs(np.sin(2*np.pi*5.829870987801367/array_x)/8.137719840037299)), axis=1)",0.4191713098352083,0.4238253569643712,0.6222365549365879,0.5409072067701505,0.7379393181340411,0.3265185805635698
"np.mean(np.log(abs(np.round(1.932038292040716+array_x)-np.log(abs(9.513235352827543))-6.22957199934534))*3.7539179258771624, axis=1)",0.436116578731815,0.9898575455628053,0.06463827327044422,0.3978343974311593,0.013541375063170902,0.9895682472523758
"np.mean(np.log(abs(np.sin(2*np.pi*np.log(abs(5.7752921823562335))+(np.array(range(1, array_x.shape[1]+1)))*array_x/1.97406043699324-7.043733484325646-(np.array(range(1, array_x.shape[1]+1)))*array_x))), axis=1)",0.5374717205767141,0.43118407346350734,0.6657731183484339,0.6118561218806573,0.6048343099890124,0.3796865056197585
"np.mean(np.log(abs(np.sin(2*np.pi*np.square(3.6814268587137975)*(np.array(range(1, array_x.shape[1]+1)))*array_x))), axis=1)",0.526083958932994,0.5637004070699598,0.5008428690689822,0.5740543319198363,0.5235763238292845,0.5375480301195146
"np.mean(np.log(abs(np.sqrt(abs(9.673867539393319))))+array_x*7.733803767155744, axis=1)+10*(np.sin(2*np.pi*np.mean(np.log(abs(np.sqrt(abs(6.746857219401532))))+array_x*6.365157491785437, axis=1)))",0.664460283535477,0.7659772366784696,0.24549590212131445,0.5786688363711024,0.24977818195718676,0.7530056170771833
"np.mean(np.log(abs(np.square(array_x+2.4489918925654495)*6.8613439411706425)), axis=1)",0.5188604485879332,0.42957442160627857,0.6384319602748394,0.5640792236985713,0.6964023960673348,0.3571310663716917
"np.mean(np.round(abs(2.298685651389233)/4.873120028425333+array_x-np.cos(2*np.pi*2.3461276741255386))-np.cos(2*np.pi*np.sqrt(abs(7.733960183904976-array_x+np.exp(5.413324405770524-array_x)))), axis=1)+np.sin(2*np.pi*np.mean(np.round(abs(3.6289733999637943)/3.8710213799657476+array_x-np.cos(2*np.pi*9.635819927420268))-np.cos(2*np.pi*np.sqrt(abs(2.8917764574659763-array_x+np.exp(6.78670930694446-array_x)))), axis=1))",0.7942460525182067,0.9505585335558586,0.18122643481396467,0.7616111418859536,0.19059833573209328,0.9301981351691397
"np.mean(np.round(abs(array_x+3.68829972923553))*array_x/1.23188759560299, axis=1)",0.13079107442017027,0.942491694068621,0.07116016898001604,0.13580853801453563,0.09241359403901382,0.9026862594803591
"np.mean(np.round(array_x)*6.613375100527435, axis=1)",0.39922035511971116,0.9898881794312796,0.012409638939868604,0.3839263955021678,0.019075275797210377,0.9874939450395773
"np.mean(np.round(array_x)*array_x, axis=1)+10*(np.sin(2*np.pi*np.mean(np.round(array_x)*array_x, axis=1)))",0.3235483527232009,0.34664043814107387,0.6117719159283685,0.45988686873923107,0.5442754058173878,0.25374845452594036
"np.mean(np.round(array_x-5.373837464284975), axis=1)",0.4044194282417039,0.9945305591349691,0.016120139849057632,0.38457676940089824,0.010603977120298348,0.9846830829178645
"np.mean(np.round(array_x-array_x)+6.072087946528485+8.176314411002636*(np.array(range(1, array_x.shape[1]+1)))/6.60771082431036+np.round(abs(array_x-6.497484547875665)+1/(6.249137600668931))+7.393084738673916, axis=1)",0.3723909212688536,0.9848815310620891,0.021063942622185233,0.3292523174461703,0.0073981846762757875,0.9915106739609508
"np.mean(np.round(array_x/3.3782486621754177-9.743039515683957)*array_x-2.1542419506165302*np.square(array_x)-4.122534899964181-1/(array_x+array_x), axis=1)+10*(np.sin(2*np.pi*np.mean(np.round(array_x/3.807314500883488-7.4633713286398216)*array_x-6.1216964253412565*np.square(array_x)-6.4233344523401-1/(array_x+array_x), axis=1)))",0.5084390152802349,0.7613546449163517,0.2950273376413526,0.481866068258035,0.3023015991976121,0.7529139104163471
"np.mean(np.round(np.cos(2*np.pi*np.cos(2*np.pi*1.3019881819971646-array_x-np.sqrt(abs(array_x)))))/6.8354511832960885*3.4401906712296126+array_x, axis=1)",0.41087367465936464,0.9834653088731212,0.020400643122911254,0.3903879731324719,0.031138337944495102,0.9769500813506886
"np.mean(np.round(np.log(abs(10*(2.493628067224952-array_x)))), axis=1)",0.43978132352194665,0.4811950263794752,0.48400938978946006,0.47492881053735375,0.5935932287945421,0.44322396100455913
"np.mean(np.sin(2*np.pi*1/(np.round(np.sin(2*np.pi*3.832825611595886)-array_x*8.652751855979204)+2.4802914084282874+array_x)), axis=1)",0.49612900602999355,0.5677686214461809,0.5536451797146065,0.5095300439301139,0.5952177912445183,0.5224805268799182
"np.mean(np.sin(2*np.pi*6.448221654252164/array_x+5.3260991559127335*array_x-np.cos(2*np.pi*array_x)), axis=1)",0.5539215609969859,0.3393188782825486,0.7790774672324139,0.6052689203132847,0.7377689221892784,0.21637838981097424
"np.mean(np.sin(2*np.pi*7.337745920924406*array_x*np.sin(2*np.pi*9.085862837568644)-1.2267004706650113*array_x-(np.array(range(1, array_x.shape[1]+1)))/(np.array(range(1, array_x.shape[1]+1)))/array_x), axis=1)",0.5556757382612134,0.403467323436818,0.6161085597960914,0.5502935748782068,0.5792940569187625,0.3961178197091509
"np.mean(np.sin(2*np.pi*np.cos(2*np.pi*np.log(abs(6.624736739469225))+10*(2.540115935559293)*array_x)), axis=1)",0.5762780460438133,0.33861108752863556,0.7275991817838217,0.63109183049358,0.6882987876906335,0.2958254096052218
"np.mean(np.sin(2*np.pi*np.sqrt(abs(array_x/np.square(2.2813320242790613)-array_x))+np.log(abs(np.cos(2*np.pi*np.round(9.60842551035002))-np.log(abs(4.883723749766665-(np.array(range(1, array_x.shape[1]+1)))))))), axis=1)",0.44331334997072913,0.4495473852227883,0.5419301512769044,0.4727691872174644,0.6478944875891567,0.5296578480624509
"np.mean(np.sin(2*np.pi*np.square(array_x/9.625577373065198)/8.47496070913439)*1.8518961498226345, axis=1)+np.sin(2*np.pi*np.mean(np.sin(2*np.pi*np.square(array_x/7.6661115721792825)/2.9631857834789184)*5.5712873612083555, axis=1))",0.47143441843563905,0.49417607078754555,0.3601736637042016,0.5020012191992617,0.3719095470307617,0.4029979083809528
"np.mean(np.sqrt(abs(-(np.sqrt(abs(1.2551226829370692+array_x)))*np.sqrt(abs(array_x)))), axis=1)",0.3285690060296973,0.1658259378938832,0.8453371605797702,0.3593681623523308,0.969313422444582,0.1922575513005872
"np.mean(np.sqrt(abs(1.2321025187656818*np.exp(array_x-1.3837969066605167))), axis=1)+10*(np.sin(2*np.pi*np.mean(np.sqrt(abs(5.757466789416284*np.exp(array_x-2.8527122134248857))), axis=1)))",0.32545582257408023,0.32414352373941563,0.4170914552589554,0.44274958910115353,0.3511795949561882,0.2861327704756355
"np.mean(np.sqrt(abs(1.980554883817961/array_x+1/(array_x)*array_x/2.4341369419941903-array_x)), axis=1)",0.36802810658687285,0.2480990483442279,0.7112690704205122,0.40614887756684426,0.7387982584748981,0.22360732924657667
"np.mean(np.sqrt(abs(3.5243653534762562*array_x-2.739964194181451)), axis=1)",0.287441153653017,0.19158778050220848,0.8689041410620116,0.37674767852168745,0.9342710878921732,0.16787417239643354
"np.mean(np.sqrt(abs(4.728549491281869))+array_x*np.sin(2*np.pi*array_x/9.033479453825649)+np.sqrt(abs(6.9954638137875955))-array_x*6.040481856757706*np.square(8.432103964955553+array_x), axis=1)",0.43113078606115557,0.9852470621147128,0.08551640260936251,0.4050190757329116,0.00891645357708913,0.9946371629608435
"np.mean(np.sqrt(abs(5.288431412528061*array_x-4.969451393229707+(np.array(range(1, array_x.shape[1]+1)))+np.sqrt(abs(7.900035918688494)))), axis=1)+np.sin(2*np.pi*np.mean(np.sqrt(abs(2.4937831743803156*array_x-5.538296366766991+(np.array(range(1, array_x.shape[1]+1)))+np.sqrt(abs(1.6392727565792793)))), axis=1))",0.573924805950687,0.45456907512730516,0.6844075105131618,0.6717174922213905,0.7428100196372802,0.3941284979149044
"np.mean(np.sqrt(abs(6.680295550008815-array_x))*np.square(array_x), axis=1)+10*(np.sin(2*np.pi*np.mean(np.sqrt(abs(5.954903573059108-array_x))*np.square(array_x), axis=1)))",0.3918199719296239,0.3628151303004016,0.6407520952092216,0.5155088478482539,0.781492171508783,0.3321233743585143
"np.mean(np.sqrt(abs(9.124717026737938-array_x)), axis=1)",0.337523738126951,0.9910675126943831,0.02101265513350303,0.2974030640760067,0.009906447229377849,0.9911556769816597
"np.mean(np.sqrt(abs(array_x))+1.9873974038674938/array_x, axis=1)+np.sin(2*np.pi*np.mean(np.sqrt(abs(array_x))+4.660400046357415/array_x, axis=1))",0.8943067243272842,0.597149415174434,0.8288449503942357,0.8721646893710574,0.905736061650473,0.7122775274618159
"np.mean(np.sqrt(abs(array_x+2.2592623731241694)), axis=1)",0.3471226578353645,0.555363913427613,0.5529672046696184,0.42215858921326893,0.5990936126173655,0.539677981952189
"np.mean(np.sqrt(abs(array_x+5.348919021738873)), axis=1)",0.41370655821763597,0.9935459232647545,0.02625527034877833,0.36738066733695596,0.02331325982830392,0.9919754901615121
"np.mean(np.sqrt(abs(np.cos(2*np.pi*10*(np.square(7.218130362702507)/array_x))))+3.0722312227148567, axis=1)",0.6320093854440646,0.45226915493604103,0.7126893972625764,0.5945297359673256,0.709969562668997,0.30602601788996525
"np.mean(np.sqrt(abs(np.cos(2*np.pi*np.sin(2*np.pi*array_x))*array_x*(np.array(range(1, array_x.shape[1]+1)))*np.sin(2*np.pi*2.7430558872189486))), axis=1)",0.3856671890136574,0.16557836147213487,0.8046406858942962,0.5091250631370118,0.9065829209177108,0.20064431579694048
"np.mean(np.sqrt(abs(np.exp(-(1/(8.798609676562075+array_x))))), axis=1)+10*(np.sin(2*np.pi*np.mean(np.sqrt(abs(np.exp(-(1/(6.204236425145347+array_x))))), axis=1)))",0.4156865436226779,0.9864747220662936,0.08354692739158784,0.40791207933181406,0.01244831016218174,0.9875339409647591
"np.mean(np.sqrt(abs(np.log(abs(1.5522206046236677-9.62637169705549-array_x-array_x)))), axis=1)",0.49391371633171266,0.9229611364851305,0.22959921181894724,0.4568470377450536,0.20232764585269816,0.8353618189508946
"np.mean(np.sqrt(abs(np.log(abs(6.0895027158733+array_x))))+abs(6.567132477448613), axis=1)",0.39109539949021277,0.9623238855500986,0.09839638126937263,0.39600438371867724,0.02413371079360121,0.9636805821821831
"np.mean(np.sqrt(abs(np.log(abs(7.27455453192726/abs((np.array(range(1, array_x.shape[1]+1)))*array_x))))), axis=1)",0.5074736377932001,0.2577339352116905,0.7345476672988088,0.5617095836317237,0.7979401086232645,0.2718869837190875
"np.mean(np.sqrt(abs(np.log(abs(7.776930683432289+array_x))-abs(5.8923833493530555))), axis=1)",0.2705732935669116,0.9782714396224631,0.006120263993633551,0.21555237233523689,0.013088666211476075,0.9785397368448084
"np.mean(np.sqrt(abs(np.sin(2*np.pi*array_x/5.7574556152509)+np.square(9.969628312902275))), axis=1)",0.5452456636551036,0.43790691638341,0.632009414081115,0.6032123364305928,0.6266219168857916,0.418914969709285
"np.mean(np.sqrt(abs(np.sin(2*np.pi*np.sin(2*np.pi*np.sqrt(abs(10*(array_x)))-3.9640442094304316)))), axis=1)",0.566508332867759,0.45239252052402534,0.679385948483595,0.6404554777873475,0.6264447731466515,0.3736269142188521
"np.mean(np.sqrt(abs(np.square(1.1174972198783835)/array_x))-array_x+np.cos(2*np.pi*array_x*9.24688941540051), axis=1)",0.5222167787553832,0.9751144198366406,0.06846538809852026,0.4867377027468924,0.046198990067609864,0.9733089366087345
"np.mean(np.sqrt(abs(np.square(array_x)+np.sin(2*np.pi*np.log(abs(7.167718063950797+array_x+2.5854908104296466))))), axis=1)",0.23299263557842764,0.17222926965763388,0.9514298826007347,0.23089991278784036,0.9066643922884571,0.23513020682168737
"np.mean(np.square(10*(np.round(7.408233416682064))-array_x*np.square(array_x+3.8269751675957924)-9.864741509231903), axis=1)",0.2867659249656904,0.3769934417372696,0.47578435849621215,0.4059213132830841,0.5096135898913796,0.2974746367580073
"np.mean(np.square(3.725129079916067)+10*(np.sin(2*np.pi*array_x-3.432786122549338*array_x)), axis=1)",0.5917296794797767,0.37809241166756224,0.6612225190099346,0.6266393990634167,0.6330982553446888,0.39486873854485327
"np.mean(np.square(4.228756262508631)-np.sqrt(abs(3.436345012356375+array_x+np.sqrt(abs(5.04784472322215)))), axis=1)",0.2816563161275306,0.9827121127436145,0.007782736573671852,0.22737184574946198,0.021317326965465278,0.9717871486199405
"np.mean(np.square(5.786478050334572/np.cumsum(1/(abs(np.square(array_x))), axis=1)-np.cos(2*np.pi*2.1965274996085693)), axis=1)+10*(np.sin(2*np.pi*np.mean(np.square(7.0766104828609695/np.cumsum(1/(abs(np.square(array_x))), axis=1)-np.cos(2*np.pi*2.8502787895482693)), axis=1)))",0.22927054258683519,0.23162596364783247,0.500106157294779,0.3373169515951695,0.48395012937034515,0.21711020527170066
"np.mean(np.square(6.396284831021129*array_x+7.144929491126054*np.exp(-(array_x)))-np.log(abs(array_x+9.621417514573528)), axis=1)",0.07477221875939528,0.5505103800129395,0.04683717802279684,0.05763627301384518,0.0479658105382438,0.9459447856147183
"np.mean(np.square(7.0673849034832985)*np.round(array_x-9.338577207099993), axis=1)",0.38709525676391365,0.9914987896256688,0.015451667239743389,0.3765184111027853,0.015364404521674403,0.9799285796909649
"np.mean(np.square(8.03352359730129)*np.sqrt(abs(1.8332772867955773*array_x-8.18162695775032)), axis=1)+10*(np.sin(2*np.pi*np.mean(np.square(9.756158417431047)*np.sqrt(abs(5.243487796070185*array_x-6.54663822741807)), axis=1)))",0.5473567498805532,0.9374165887944242,0.15078156730249584,0.5169589144409958,0.12355057271351091,0.9372244663356532
"np.mean(np.square(9.92549299434511)/3.7917021543732643+array_x-3.5655637258062285-np.sqrt(abs(2.0745447828920867)), axis=1)",0.29567424647093826,0.9898887269690034,0.0039283403708367,0.31506063779906274,0.030000536532351355,0.99278655953521
"np.mean(np.square(abs(array_x)-np.sqrt(abs(np.sqrt(abs(np.sqrt(abs(8.792596622965302))))))), axis=1)",0.15895737312616462,0.21544923654547662,0.7812249303831864,0.16514664233980575,0.9042509321245311,0.14484095164125846
"np.mean(np.square(array_x+1.3956417424546417), axis=1)",0.12473665628275113,0.4745613796664548,0.6660363830588036,0.10210345646311789,0.800642729375773,0.4443140704753764
"np.mean(np.square(np.cos(2*np.pi*4.505936505698342))/array_x-1.2314344128690216, axis=1)+np.sin(2*np.pi*np.mean(np.square(np.cos(2*np.pi*7.642909684690714))/array_x-3.578692679158957, axis=1))",0.9282075803089129,0.7929673790188722,0.842368008877802,0.8933791694888906,0.9407492343267938,0.7889192523954075
"np.mean(np.square(np.cos(2*np.pi*np.sqrt(abs(np.sqrt(abs(np.log(abs(array_x)))))))), axis=1)",0.45428093166744793,0.25592230222083256,0.7598828439066739,0.45764414585755275,0.8113686375497323,0.256811565481296
"np.mean(np.square(np.cumsum(np.sqrt(abs(np.cos(2*np.pi*array_x+5.418908286157542)*np.round(7.90789749701294))), axis=1)), axis=1)",0.49062881502915073,0.5293091445269485,0.5849762402128255,0.5136961075040238,0.600363793642997,0.5386071669611624
"np.mean(np.square(np.exp(2.0601793088627076)*2.3302239676597605-array_x-1/(7.135939992646278)), axis=1)",0.312809779798807,0.9800411463622362,0.012281799274780134,0.20852528047069613,0.003855298345907831,0.9871781071010086
"np.mean(np.square(np.log(abs(3.6150086191150788+array_x+1.2379667311095548))), axis=1)",0.2878834588269305,0.5178513956083176,0.4244051400639984,0.3528511944080441,0.49554098235720295,0.47702052070411693
"np.mean(np.square(np.round(1.4389281470247717-array_x-np.sqrt(abs(5.971551098160839)))), axis=1)",0.13797316274590352,0.4688164157023869,0.7127892299956752,0.15650984114859134,0.8601277406157287,0.28545188765853
"np.mean(np.square(np.round(3.4676295457674193))*4.753128335575191-array_x+5.550735435926079, axis=1)+10*(np.sin(2*np.pi*np.mean(np.square(np.round(8.058230321110177))*2.7081651127758732-array_x+3.4424786484201277, axis=1)))",0.5534502975430907,0.6478706308273456,0.3641551371648953,0.5799502829279768,0.24324325959957044,0.5857629207090543
"np.mean(np.square(np.sqrt(abs(4.528422676567789-array_x-1.4725268675039227+2.623043176951633))-8.3550600870078+array_x-np.square(np.cos(2*np.pi*array_x))), axis=1)",0.2899647886771232,0.9475469511228227,0.03634928205946517,0.24929234868577363,0.04426090564507876,0.950965964759405
"np.mean(np.square(np.square(np.exp(array_x)-7.9843387732126105)), axis=1)+np.sin(2*np.pi*np.mean(np.square(np.square(np.exp(array_x)-4.375715447645223)), axis=1))",0.2156641069855011,0.3041389068819573,0.5194077698471237,0.23235367451753622,0.6254571252437278,0.2349789659422748
"np.mean(np.square(np.square(np.square(9.728268146045306)*np.cos(2*np.pi*10*(array_x)))+6.180165584738331), axis=1)",0.5672711785788481,0.4836334999894904,0.5387030770085077,0.5713240293548941,0.6296251292195039,0.5081741071827934
"np.round(5.964832551948428)*np.sin(2*np.pi*np.mean(array_x*6.125033006540677, axis=1))-2.92595955155513+np.sin(2*np.pi*np.round(5.254450318515444)*np.sin(2*np.pi*np.mean(array_x*8.376702883671328, axis=1))-7.398395638746875)",0.3628150528166262,0.397461093866621,0.3389272331465741,0.44647193634809385,0.29562530188337266,0.31866747187193367
"np.round(np.mean(1.402283930583633-array_x, axis=1))",0.9194930115905977,0.9939634222475349,0.060191576067336945,0.9313807203925906,0.020796441221461164,0.995730063553442
"np.round(np.mean(6.059516580373867+np.sqrt(abs(array_x))-array_x-array_x, axis=1))",0.44409413300633455,0.9490719425075044,0.052039115665391995,0.3972020086213878,0.04035020347994852,0.9474412288506158
"np.round(np.mean(6.915020481627958/np.sin(2*np.pi*array_x)/10*(6.041731715128673/array_x)/3.3693052790264284, axis=1))",0.4101054915275684,0.5620127811770526,0.6320145954701429,0.5217119805411194,0.523301368630293,0.5670357990973551
"np.round(np.mean(9.0919786577113+np.sin(2*np.pi*7.02090202768389-array_x), axis=1))",0.37554396195551526,0.25706087746031925,0.3639084807303843,0.436025453266125,0.24089673993618888,0.15481204157408263
"np.round(np.mean(abs(-(np.cos(2*np.pi*3.6054661619626436)/array_x+3.365787332647896)-1.1015456913517556), axis=1))",0.4988359331578804,0.5606585148978191,0.5544431678143125,0.524442770142695,0.4865706663643545,0.514753633056231
"np.round(np.mean(array_x*9.774218773850254-6.96251756156276, axis=1))",0.3282353652598841,0.9938146871489572,0.002534944843575084,0.3391452281276159,0.01960833602343593,0.9916760383199295
"np.round(np.mean(array_x+np.round(array_x*3.0387427712961905)-4.2684864322118*2.5570824546520465, axis=1))",0.40347938454437704,0.9948253174760454,0.017693204536724242,0.38958958560283974,0.016004574589292248,0.9923188456424605
"np.round(np.mean(array_x-3.9782336234384887+np.exp(np.exp(np.sin(2*np.pi*4.446455679377927)))+np.sqrt(abs(np.cos(2*np.pi*3.544578565028358*array_x))), axis=1))",0.8522381408083368,0.999997528408398,0.11294151865049873,0.8759926609217181,0.0027271780930633567,0.9970548567162849
"np.round(np.mean(array_x/7.7418768441629915-5.75308351406406-array_x, axis=1))",0.8784772412354727,0.9277449911463662,0.16859819749344707,0.7783528350576953,0.1469940614964118,0.9520860977510869
"np.round(np.mean(np.log(abs(np.cos(2*np.pi*array_x/np.sqrt(abs(array_x)))/array_x*array_x-np.cos(2*np.pi*4.9549468324539365))), axis=1))",0.5299708960737152,0.6247104136931164,0.5253106303189918,0.4555524866317704,0.5076036059063761,0.5298903418160692
"np.round(np.mean(np.sqrt(abs(1/(array_x)))-5.1104731078408605/array_x+9.442538164167606-array_x, axis=1))",0.8411464882891412,0.6298025800733987,0.8766616042148431,0.8486260951191623,0.8695784557605316,0.5945688346366128
"np.round(np.mean(np.sqrt(abs(10*(array_x)))-7.911462032930798*(np.array(range(1, array_x.shape[1]+1)))+1.419131526581812, axis=1))",0.6173148784585412,0.4700363638142585,0.8247023964989885,0.6732561445225406,0.8068116294706243,0.24018986652070282
"np.round(np.prod(np.exp(array_x)*array_x-5.58131523915639-7.298508061033331/7.602028208989658+3.0372011544677324, axis=1))-9.526280782891744+10*(np.sin(2*np.pi*np.round(np.prod(np.exp(array_x)*array_x-2.796913108413958-1.2499727892194483/1.8443950491411045+2.2733375597150394, axis=1))-9.055640824996802))",0.6000175908128051,0.6760460674772544,0.4726619668569263,0.6454340526809149,0.4755264042936176,0.6173369480784375
"np.round(np.sin(2*np.pi*np.mean(array_x, axis=1)+2.996563544523888)-np.amax(array_x, axis=1))",0.5305808209363163,0.6996275720483621,0.4130245545247163,0.5705266801324484,0.362386045810734,0.6256091130184164
"np.round(np.sqrt(abs(np.sin(2*np.pi*2.6395593627239746/np.mean(4.116696452512476-array_x, axis=1)))))/abs(2.398228650581145)/np.amax(array_x, axis=1)+np.sqrt(abs(4.271330660129884))+np.sin(2*np.pi*np.round(np.sqrt(abs(np.sin(2*np.pi*2.5891346404170914/np.mean(8.237275150758547-array_x, axis=1)))))/abs(5.68636327356738)/np.amax(array_x, axis=1)+np.sqrt(abs(3.2959054269601853)))",0.4874685150844778,0.6185703071820512,0.6210269722325571,0.5569021331463944,0.6241292981377271,0.595796185452816
"np.round(np.square(np.mean(array_x+3.766538176217154, axis=1)+abs(np.sin(2*np.pi*np.sin(2*np.pi*4.58157540829481))))-8.296880864733701)",0.3736349603873989,0.9816875556230404,0.013289852966870524,0.33084401387210305,0.026855130805850932,0.9798980778403227
"np.round(np.sum(array_x, axis=1)-3.767926447707056)",0.337758077705181,0.9841759027831433,0.008505936552008977,0.3363248682457139,0.01829037879294963,0.9832077007700488
"np.sin(2*np.pi*np.mean(np.square(-(np.exp(5.115459236428433)*array_x)), axis=1))",0.20723024762665723,0.25382179114233966,0.18058859110634692,0.19570968852403703,0.2539147234456459,0.16306243039623522
"np.sqrt(abs(1/(-(np.round(np.sum(array_x+10*(np.round(9.946013037710054)), axis=1))+np.square(np.cos(2*np.pi*np.sqrt(abs(9.609304108730953))))))))",0.341090117126839,0.9900905270996371,0.010460245356209319,0.2902492790237029,0.00903756361155137,0.9910430006932484
"np.sqrt(abs(np.exp(np.mean(7.388992594066792/np.sqrt(abs(np.cos(2*np.pi*array_x/np.sin(2*np.pi*2.4498728235278704)))), axis=1))))+10*(np.sin(2*np.pi*np.sqrt(abs(np.exp(np.mean(8.233576055071865/np.sqrt(abs(np.cos(2*np.pi*array_x/np.sin(2*np.pi*3.5041889851561985)))), axis=1))))))",0.27989980321581454,0.47894229204199695,0.31476427385043165,0.2645492495660105,0.21503642571558274,0.4787106861775682
"np.sqrt(abs(np.sqrt(abs(np.cos(2*np.pi*1.6162293862064463)-np.prod(np.square(1/(array_x)), axis=1)))))",0.18353803854551276,0.9481006946903211,0.03195786913358399,0.19199316245419923,0.037557914802654926,0.9282287634654927
"np.sqrt(abs(np.sqrt(abs(np.mean(2.2709127082389338+array_x/5.1303795055061245*8.734854102063212*array_x, axis=1)))))",0.22296452803830533,0.23686413598316317,0.9148135367377378,0.23730758976617344,0.8847474223833625,0.2748904111855861
"np.sqrt(abs(np.sqrt(abs(np.sum(np.sqrt(abs(np.exp(array_x))), axis=1)-3.2265838773664055))))",0.1329980950881958,0.9162856791030815,0.1981924552557541,0.15825592850620807,0.2251231347851915,0.8462474111022972
"np.square(1/(np.log(abs(np.mean(np.sin(2*np.pi*7.7649931576631985)/np.exp(np.sqrt(abs(1.2936447273711518/array_x))), axis=1)))))",0.2578533187120926,0.15972159355746307,0.7436585694818136,0.30316766136513124,0.8535571189020734,0.23805766233271725
"np.square(3.0248446836625504)--(4.348268755074554)-7.855037272381941/np.mean(array_x, axis=1)+10*(np.sin(2*np.pi*np.square(6.73591790882506)--(2.3598434505482597)-3.740475435415734/np.mean(array_x, axis=1)))",0.8659360092485311,0.713531014789966,0.8579230492423661,0.8710493133759581,0.9168015736871368,0.5862307132996032
"np.square(abs(10*(1.4405923511724714/np.log(abs(np.prod(-(array_x), axis=1))))))",0.19506895892717227,0.9743213591303851,0.011984625337745712,0.20796550662671792,0.01625823037770394,0.9431282798133652
"np.square(np.sqrt(abs(np.sqrt(abs(np.mean(np.sin(2*np.pi*array_x+2.411239108104768), axis=1)))))+6.727166968548246)+np.sin(2*np.pi*np.square(np.sqrt(abs(np.sqrt(abs(np.mean(np.sin(2*np.pi*array_x+8.070789997316655), axis=1)))))+9.91431666162491))",0.4864709108603597,0.4834093378251666,0.5176926025926228,0.5187650474778787,0.5175092962606352,0.5710949619201426
"np.square(np.square(np.sum(np.sin(2*np.pi*np.square(array_x*5.121128869174057-8.031474445298697-array_x)), axis=1)))",0.4235983454597644,0.43989704451980316,0.47032726203221203,0.3737882432908328,0.5016948528208984,0.39480097777502493
"np.square(np.sum(np.sqrt(abs(1/(array_x))), axis=1))",0.18897318110849995,0.9906615557529774,0.002703343282428806,0.1950438763085749,0.009067511846457864,0.9497764527249976
"np.sum(np.exp(9.257052543427543+array_x*np.sqrt(abs(4.469004662352649))), axis=1)",0.045985767662238476,0.9290343258204513,0.010609398126234819,0.06462029443066009,0.010248598828020367,0.8779301979622203
"np.sum(np.sin(2*np.pi*-(6.235195261008344+array_x)), axis=1)",0.6390473909934057,0.3247119890596937,0.7693438567288726,0.7010128466049627,0.7027393280934168,0.22681448245870128
"np.sum(np.sin(2*np.pi*5.838966061566564-(np.array(range(1, array_x.shape[1]+1)))-np.round(np.cos(2*np.pi*(np.array(range(1, array_x.shape[1]+1)))*array_x-9.722880643381561))), axis=1)",0.5506827392108824,0.3947788247149208,0.662972195034184,0.5197133102143122,0.6444787846094484,0.4015954088542228
"np.sum(np.sin(2*np.pi*7.643946804143701+array_x+array_x), axis=1)",0.47254213968811676,0.2761675629755582,0.7085363376766999,0.505043745709742,0.8111447804744215,0.28244186424781703
"np.sum(np.sin(2*np.pi*np.sin(2*np.pi*2.361032202457715)+6.840043711330749*array_x), axis=1)",0.5029995184364932,0.4537004263324653,0.6239981529699602,0.5217410450751224,0.5951863097484247,0.5614929529627989
"np.sum(np.square(1.5165463156062318-np.sin(2*np.pi*array_x))-1.5487728965965366, axis=1)",0.6481873880725665,0.31381656457131174,0.7256684588085202,0.6513595741149082,0.7283428236018952,0.24475545381330935
"np.sum(np.square(np.cos(2*np.pi*array_x/8.856541278918263/array_x/array_x-7.8883472459445585+array_x*array_x+np.square(8.35815423405763))), axis=1)",0.6180387077193606,0.4494578756928443,0.629021373820762,0.6022719812958846,0.6594766475791859,0.3586446727356126
