f,DE,ES,GA,PSO
"-(np.log(abs(np.log(abs(np.amax(np.exp(-(np.square(array_x+np.exp(2.3260371699137417)))), axis=1))))))",0.054814529843195355,0.6742150883606793,0.2568217119723911,0.25608711207479873
"1/(5.104004998355783-np.cos(2*np.pi*np.mean(array_x*6.826786406955963, axis=1)*-(5.362879476873183)))",0.29077065264544827,0.27428995026615527,0.06305464404608688,0.7337019148385094
"2.908863512284211-1/(np.mean(10*(np.exp(array_x)/3.4562123217543226)-6.286134307682521+np.cos(2*np.pi*array_x), axis=1))",0.9432687786989975,0.05579328831310949,0.8160550614178732,0.9868234709679498
"4.827779180534571-np.prod(6.038419472213765+array_x, axis=1)",0.04504810582534475,0.9125410880150754,0.03843875622927245,0.129622423593852
"5.944970934785562*np.square(np.sum(array_x+3.7192141444156412, axis=1)+1.0618545912906372)+np.sin(2*np.pi*9.977665159116093*np.square(np.sum(array_x+2.881705662898986, axis=1)+8.306902142987475))",0.0645800799957508,0.8897611708496858,0.026642393501473554,0.07483099294089855
"7.959754951186965+np.sum(array_x, axis=1)+np.sin(2*np.pi*8.606871874219735+np.sum(array_x, axis=1))",0.04961604908593171,0.8348082877399945,0.1077356757270841,0.07073110737965418
"8.152754993252827-np.sum(array_x, axis=1)+np.sin(2*np.pi*6.767286450325646-np.sum(array_x, axis=1))",0.31882382558982686,0.5409641404459963,0.2313163083574487,0.5006671366800148
"abs(10*(9.452956255375367)+np.mean(np.exp(1/(np.sqrt(abs(array_x+6.7478540938801475)))), axis=1))",0.05587270851208375,0.9347405811342153,0.008454904456842218,0.1267136553986984
"abs(np.sin(2*np.pi*np.square(np.exp(10*(np.cos(2*np.pi*2.9166039797096257))+np.amax(array_x, axis=1)))))+np.sin(2*np.pi*abs(np.sin(2*np.pi*np.square(np.exp(10*(np.cos(2*np.pi*7.628757708559249))+np.amax(array_x, axis=1))))))",0.09414627643887333,0.39052168643817575,0.07176130403051348,0.8645341778947013
"abs(np.square(4.313292518960655)*np.mean(array_x, axis=1))",0.6305224116902418,0.1135263359750994,0.23663933150424593,0.5415370016773438
"abs(np.square(np.prod(10*(7.097563984624454)/np.sqrt(abs(2.4043662395206358+array_x)), axis=1)))",0.06234075500474843,0.9022780257837537,0.0399295696647362,0.12427398273089191
"abs(np.sum(np.sqrt(abs(array_x)), axis=1)+7.263404319420603)-np.sum(array_x, axis=1)",0.005543553258062097,0.9346635954157482,0.021254381575477318,0.06702437737993688
"np.amax(1/(10*(array_x-9.830683215206577)-4.325297240899247-(np.array(range(1, array_x.shape[1]+1)))-array_x-1/(2.8371888509288383)), axis=1)+np.sin(2*np.pi*np.amax(1/(10*(array_x-1.6835884131977703)-8.942438205970117-(np.array(range(1, array_x.shape[1]+1)))-array_x-1/(1.6574023895077319)), axis=1))",0.4533212845864309,0.18607275696226921,0.3464250003480081,0.9345841557322988
"np.amax(10*(2.584566931078771)+5.457329956881971/array_x+9.928637414477175, axis=1)",0.255583723664651,0.28091322881986647,0.21186957172073398,0.7852197399169627
"np.amax(2.1707246574438814-np.exp(array_x), axis=1)",0.11682814922394823,0.7953786989361781,0.05667053293138343,0.19951141324430818
"np.amax(9.153440126690935+array_x/8.112321839073513-2.425187826121362, axis=1)",0.08945472584466753,0.5781385278196046,0.2655464185077411,0.14157440092565396
"np.amax(np.sqrt(abs(np.sin(2*np.pi*np.cos(2*np.pi*7.199031234256259)-array_x)+np.exp(9.507752386884329)-4.855593600778366*array_x)), axis=1)",0.1754772843601476,0.5773728955382046,0.2337043050079691,0.46937726000135993
"np.cos(2*np.pi*np.sum(array_x-8.22556776147913, axis=1))",0.22511845902100497,0.10363406888345325,0.033623902276406645,0.8515862223956704
"np.cos(2*np.pi*np.sum(np.sqrt(abs(np.cos(2*np.pi*array_x))), axis=1))+np.sin(2*np.pi*np.cos(2*np.pi*np.sum(np.sqrt(abs(np.cos(2*np.pi*array_x))), axis=1)))",0.19687280275222171,0.13690639856517486,0.02308005739717725,0.9444918147973829
"np.exp(1.2717455745423154*-(np.mean(np.log(abs(array_x)), axis=1)))+np.sin(2*np.pi*np.exp(7.614752490244191*-(np.mean(np.log(abs(array_x)), axis=1))))",0.37549055843828766,0.45667114104406403,0.1118174215265983,0.6071139015082577
"np.exp(3.979856350782522/np.sum(7.5356295047436035/array_x, axis=1)/abs(3.174090245133097))",0.34592058402659454,0.335019591755035,0.21130644735601511,0.8647910684145317
"np.log(abs(np.square(np.prod(8.680577249252327/array_x-3.8502308334898308*np.square(2.6922703838854436*np.square(np.cos(2*np.pi*array_x))), axis=1))))",0.1309594536769334,0.3369577169287773,0.053368784634848974,0.8643069116414845
"np.mean((np.array(range(1, array_x.shape[1]+1)))*9.075211262757437-2.8373509675490265*np.cos(2*np.pi*array_x)-8.177710438895534, axis=1)",0.08179905466159458,0.6312283638934655,0.06626652951611213,0.8290138872205862
"np.mean((np.array(range(1, array_x.shape[1]+1)))*array_x-8.424718480664453-np.sqrt(abs((np.array(range(1, array_x.shape[1]+1)))*array_x)), axis=1)",0.11191170732899325,0.7236901259974463,0.11437368117934285,0.26371789066078877
"np.mean(-(1/((np.array(range(1, array_x.shape[1]+1))))/(np.array(range(1, array_x.shape[1]+1)))*array_x-8.362234065407055), axis=1)",0.01355469365650114,0.9575693099107404,0.03445114170463963,0.06543948481596393
"np.mean(-(4.131875997195213)-np.sqrt(abs((np.array(range(1, array_x.shape[1]+1)))*array_x)), axis=1)",0.04467175719312581,0.8878690000584817,0.08489017747330534,0.15637163539518864
"np.mean(-(np.sqrt(abs(np.exp(array_x*3.530154529317561)))+4.772863514310147+array_x-np.sin(2*np.pi*1.770531463413855)), axis=1)",0.07289250890551009,0.7128075101070567,0.010400962726056338,0.42250114218648827
"np.mean(1.812777265469394-array_x*4.496158815861784+8.243716591381274, axis=1)+10*(np.sin(2*np.pi*np.mean(9.727735917474035-array_x*7.2465134956762745+7.896835855053537, axis=1)))",0.22035596134259403,0.45265875724408283,0.11879886372100264,0.7071902695441001
"np.mean(1/(8.14683574999452+1/(np.exp(array_x/8.079761551289305))+10*(8.09568252683436)), axis=1)",0.0150038045491206,0.9656727354122822,0.02692852724946813,0.03200240208162955
"np.mean(1/(array_x+5.6821670206977855+np.cumsum(array_x, axis=1)), axis=1)",0.6304625003064905,0.2522034482196634,0.2415830888213829,0.897661598489859
"np.mean(1/(array_x+np.square(array_x)), axis=1)",0.9457770929529016,0.1260510980867389,0.7534210212923026,0.9952906399698043
"np.mean(1/(np.cos(2*np.pi*array_x-5.600217373150697)-10*(array_x)), axis=1)",0.7138327808796064,0.20827703769868566,0.5457522900276226,0.976749415687526
"np.mean(1/(np.cos(2*np.pi*array_x-np.square(4.979995076276742))-np.sqrt(abs(6.620737359616912))/-(array_x)), axis=1)",0.46758726437483716,0.3602877267605462,0.1998940581610416,0.9170207797774733
"np.mean(10*(np.cos(2*np.pi*np.square(9.886771092965677)+array_x/8.411796962850678+3.3861168904920236)*np.square(2.082774287346736+array_x)-7.507807726791022), axis=1)+np.sin(2*np.pi*np.mean(10*(np.cos(2*np.pi*np.square(4.304761848975364)+array_x/6.911969129749471+5.22015180877504)*np.square(7.43268129653337+array_x)-9.857213782118324), axis=1))",0.29583811254519915,0.6614752674369134,0.06825956708907754,0.410690506580674
"np.mean(10*(np.sin(2*np.pi*np.sin(2*np.pi*1/(array_x+7.632387753653465)))/8.775749434664174-(np.array(range(1, array_x.shape[1]+1)))/8.79180019292151), axis=1)+10*(np.sin(2*np.pi*np.mean(10*(np.sin(2*np.pi*np.sin(2*np.pi*1/(array_x+9.625064400578767)))/9.510208041530195-(np.array(range(1, array_x.shape[1]+1)))/5.421454224280444), axis=1)))",0.3870348975564009,0.2021241790296363,0.19990404078236942,0.7170180448339741
"np.mean(2.106654965397652/np.sqrt(abs(array_x))/9.63868641934428+array_x-np.sqrt(abs(9.496946376217004)), axis=1)",0.1028894479013665,0.8577407646807541,0.009736704690821262,0.12288089681538204
"np.mean(3.037495592608638-np.log(abs(8.049311098868234))*np.log(abs(array_x)), axis=1)",0.046683160682169184,0.8481607968947639,0.09375314331130652,0.19313307484070769
"np.mean(3.930559055798853-np.cos(2*np.pi*array_x-6.134749713070996), axis=1)",0.09554610323116637,0.617640856819193,0.06660540108407871,0.7920336598412747
"np.mean(3.9829664382726975-np.log(abs(np.exp(array_x)-6.208641094631765)), axis=1)",0.29426781162915566,0.31450265999039195,0.14720879525694933,0.782015672048873
"np.mean(4.1010250128168435+np.sin(2*np.pi*array_x)+array_x, axis=1)+np.sin(2*np.pi*np.mean(1.7891678487391867+np.sin(2*np.pi*array_x)+array_x, axis=1))",0.14924811610493918,0.49862589480461944,0.045213980813296376,0.8217923662763384
"np.mean(4.166288612963598+array_x-np.exp(array_x), axis=1)",0.021511037178276914,0.7645499430155425,0.03475248630335653,0.3464040787672693
"np.mean(4.181579677394484+array_x*6.228003705168408+np.square(6.1731992134811335)+6.770917402476664/2.3260001513259927+np.sin(2*np.pi*array_x), axis=1)+np.sin(2*np.pi*np.mean(1.8498714526889581+array_x*1.8285352623606106+np.square(9.321332782376357)+1.9586178753469068/2.1171887861512584+np.sin(2*np.pi*array_x), axis=1))",0.12769317576820902,0.7982485641763664,0.03154552644860213,0.15681496352620788
"np.mean(4.706613435841151-np.cos(2*np.pi*9.107650197529544)-abs(array_x), axis=1)",0.1492983483034743,0.6284662900589104,0.07565617878460473,0.4554642684218624
"np.mean(4.742484309291315-np.exp(2.0399027646768797-np.sqrt(abs(array_x))-1.9627247196676798/4.794467115802113), axis=1)+10*(np.sin(2*np.pi*np.mean(8.352143691891337-np.exp(3.240247891347756-np.sqrt(abs(array_x))-2.3856985368244006/3.6744657316001135), axis=1)))",0.2722348158903758,0.1734470366944143,0.03468401894144236,0.8334689715409869
"np.mean(4.871915000727098/1/(np.square(array_x))/5.924644684627166/3.3842119630850545-array_x, axis=1)",0.31489042067943385,0.5528012409874958,0.2291448451649524,0.5538948947004356
"np.mean(5.204290328874249*np.sqrt(abs(array_x+2.960475111434901))-array_x+array_x-10*(6.815282120106555)+5.531182485763834, axis=1)+np.sin(2*np.pi*np.mean(4.847374637564218*np.sqrt(abs(array_x+1.7771736294343865))-array_x+array_x-10*(6.937828552558432)+3.1690578939475147, axis=1))",0.4122979046193846,0.42017490705862803,0.18969310066252576,0.5539422785083538
"np.mean(5.304419577314787+array_x+3.648115307896093-1/(2.17201080531119-array_x), axis=1)",0.7230875559402159,0.33198108779243024,0.49901965030306755,0.9563116850752802
"np.mean(5.773687993165235+np.exp(array_x-7.346913918213413)/np.cos(2*np.pi*array_x), axis=1)",0.27630612441081726,0.207817998823677,0.16093527570414043,0.9052104688282747
"np.mean(7.618481636633533+abs(array_x)-np.log(abs(np.round(np.log(abs(5.630418264239719))))), axis=1)+10*(np.sin(2*np.pi*np.mean(6.280428219938052+abs(array_x)-np.log(abs(np.round(np.log(abs(1.768473479123098))))), axis=1)))",0.22113181146172153,0.2867160527880066,0.031523912724175214,0.8652931475609243
"np.mean(8.380340522153663*array_x/np.sqrt(abs(np.sin(2*np.pi*9.05167194905263))), axis=1)+np.sin(2*np.pi*np.mean(8.178134537562727*array_x/np.sqrt(abs(np.sin(2*np.pi*9.435269863320267))), axis=1))",0.06705311903850726,0.825008655456982,0.027942779019560375,0.18015236300062903
"np.mean(8.419746133034703+np.sin(2*np.pi*array_x-4.768420640200894)-10*(1.7140091287720667), axis=1)",0.09060582938377887,0.7376901372921454,0.1278568371375579,0.7596208801167037
"np.mean(8.429034844955922*np.square(array_x)-np.sqrt(abs(3.390888197986709))/np.sin(2*np.pi*np.sqrt(abs(array_x-9.890545524156437+5.641980449699114*array_x*-(9.09996756976769)))), axis=1)",0.6215695785350761,0.3599900658726957,0.31976500141691644,0.8981962057605298
"np.mean(8.506060741875078*np.log(abs(array_x))+3.994029691082136-array_x, axis=1)+np.sin(2*np.pi*np.mean(7.986390197138129*np.log(abs(array_x))+2.3790401633448424-array_x, axis=1))",0.49450119153688343,0.4956960879110682,0.2256673827869853,0.8067482668908618
"np.mean(8.508127926280132-np.sqrt(abs(array_x))*6.067033820542489*array_x, axis=1)+10*(np.sin(2*np.pi*np.mean(7.281044357679063-np.sqrt(abs(array_x))*5.246199208448722*array_x, axis=1)))",0.22116172605039,0.33509793497834134,0.059352854873947376,0.8006865551772782
"np.mean(8.714995077687828*array_x-np.square(array_x), axis=1)+10*(np.sin(2*np.pi*np.mean(2.464631090171353*array_x-np.square(array_x), axis=1)))",0.15612470629866343,0.41275362293918144,0.12515221353429312,0.6167498816386348
"np.mean(9.084750927771005*np.square(np.cumsum(array_x, axis=1)+4.904949129559369-abs(8.707892626018127+(np.array(range(1, array_x.shape[1]+1))))), axis=1)",0.14091903282202745,0.5443091445410081,0.08849082633991612,0.36569359261754164
"np.mean(9.127515080674208/np.log(abs(array_x/9.470059973773754)), axis=1)+np.sin(2*np.pi*np.mean(4.124933094515304/np.log(abs(array_x/2.2548367038388784)), axis=1))",0.15959055749266587,0.5185703527769294,0.2272479971518618,0.5290819825846321
"np.mean(9.461594106242272-np.sin(2*np.pi*np.sqrt(abs(np.sqrt(abs(array_x*8.099559259376715))))), axis=1)",0.14019027000525583,0.4918101943894309,0.08005198544480369,0.7814874050141212
"np.mean(9.798310912464016+8.488547086442733/abs(np.cos(2*np.pi*(np.array(range(1, array_x.shape[1]+1)))*array_x))*5.659469000539798*np.cos(2*np.pi*np.square(np.sin(2*np.pi*np.exp(np.square(4.30619060880846-(np.array(range(1, array_x.shape[1]+1)))*array_x))))), axis=1)",0.16740800166920697,0.6085106977131237,0.048540164282320886,0.787977909719059
"np.mean(9.83471177203417-np.cos(2*np.pi*array_x)-np.exp(array_x)/5.10071003004661, axis=1)",0.189489865028355,0.5999826349436846,0.08785366262949179,0.5329096685894898
"np.mean(9.886156197229385*np.cos(2*np.pi*array_x+array_x), axis=1)",0.0512190257029552,0.706515278783278,0.017181337150381636,0.8202079755322917
"np.mean(abs(1/(np.square(6.138330524694365)+1/(array_x))), axis=1)+10*(np.sin(2*np.pi*np.mean(abs(1/(np.square(4.950388135813621)+1/(array_x))), axis=1)))",0.4488471845956874,0.14186611148030567,0.24827730164885378,0.9129759510641403
"np.mean(abs(3.0954464954739094+array_x), axis=1)",0.10580257808369975,0.2688232167665349,0.5196447635119837,0.5570737938270975
"np.mean(abs(6.1089646515112355/array_x+1.5929668112051365), axis=1)+10*(np.sin(2*np.pi*np.mean(abs(9.75459736692635/array_x+5.765873225011423), axis=1)))",0.25773171113889703,0.43047236206871736,0.07743808149969428,0.7165618837987908
"np.mean(abs(array_x)-np.square(1.3775748173611655)/np.log(abs(2.39802422888904/array_x-8.970092970544592))+1/(np.exp(4.19457689110293)), axis=1)",0.3394643436177413,0.23278091643534757,0.34754970674412694,0.7831687847199028
"np.mean(abs(np.sin(2*np.pi*-(array_x))), axis=1)",0.20919724603517537,0.7051089920373744,0.03352827786055193,0.7944901680414662
"np.mean(array_x*(np.array(range(1, array_x.shape[1]+1)))-10*(4.38953340616775)/2.1636010743331835-array_x*9.639887812340074-np.cos(2*np.pi*np.sqrt(abs(array_x))), axis=1)",0.08599332804519484,0.8774069382925243,0.05186081007266188,0.13835078297748044
"np.mean(array_x*array_x+np.sqrt(abs(10*(7.037751383277427+6.702417040470662/array_x))), axis=1)+10*(np.sin(2*np.pi*np.mean(array_x*array_x+np.sqrt(abs(10*(1.5127504875120885+3.450581008854782/array_x))), axis=1)))",0.2932157488189745,0.4781499445101447,0.06765507276777312,0.42002330951546296
"np.mean(array_x+(np.array(range(1, array_x.shape[1]+1)))-9.436616447171113-4.433925255130053*np.cos(2*np.pi*array_x+np.sin(2*np.pi*9.48222020112269)/np.sin(2*np.pi*array_x-9.823326306510774))+array_x+4.853481343178264-7.8570943536787885, axis=1)",0.22323660742912155,0.36658276454066824,0.07141111927211917,0.672059274204551
"np.mean(array_x+1.1945153819776198*8.729214907872628-np.square(3.0540200247947724)+array_x*np.exp(np.cumsum(np.sqrt(abs(array_x)), axis=1)), axis=1)",0.2247273600389741,0.5359348300162098,0.15131149390448406,0.41060374223549295
"np.mean(array_x+3.925581780595029/(np.array(range(1, array_x.shape[1]+1)))-6.743811138663546+array_x-7.0193498432171575, axis=1)+10*(np.sin(2*np.pi*np.mean(array_x+6.040099372273447/(np.array(range(1, array_x.shape[1]+1)))-9.130958099215452+array_x-7.257253042423812, axis=1)))",0.1110218647122947,0.40167918364801286,0.09885031203606984,0.8490937366463698
"np.mean(array_x+7.6144238034966545*array_x*array_x-4.879247884060909, axis=1)+10*(np.sin(2*np.pi*np.mean(array_x+9.919400416252927*array_x*array_x-7.03095999545354, axis=1)))",0.2045116110497459,0.21122319916353047,0.4306577531904645,0.6987083762090676
"np.mean(array_x+9.192936358815063*np.sqrt(abs(array_x)), axis=1)",0.16160095435717292,0.31983588506889227,0.5067465831840451,0.45193010241029
"np.mean(array_x+np.log(abs(np.square(1/(5.830406150213347))+array_x)), axis=1)",0.20003068224672516,0.683588495827156,0.10047970131278365,0.4457515199768609
"np.mean(array_x, axis=1)*2.6772160791383324+10*(np.sin(2*np.pi*np.mean(array_x, axis=1)*5.727566507051836))",0.23452884012659284,0.17660898080880952,0.042845446155648254,0.8739462838053328
"np.mean(array_x-array_x/(np.array(range(1, array_x.shape[1]+1))), axis=1)+10*(np.sin(2*np.pi*np.mean(array_x-array_x/(np.array(range(1, array_x.shape[1]+1))), axis=1)))",0.3774194398090574,0.34069057545099457,0.05308593430353637,0.7147301917173473
"np.mean(array_x/array_x-7.733817813419696-np.sqrt(abs(2.0092111104467665*np.square(4.433027299291243)+6.484165067119271*array_x)), axis=1)",0.01615918852920004,0.9517971492057882,0.019945742264114073,0.06651510009013548
"np.mean(array_x/np.sqrt(abs(9.811103924284602)), axis=1)+np.sin(2*np.pi*np.mean(array_x/np.sqrt(abs(6.716054310685832)), axis=1))",0.11400990596817528,0.21846527090325593,0.14376274357344376,0.8588660001883807
"np.mean(np.cos(2*np.pi*(np.array(range(1, array_x.shape[1]+1)))*array_x-4.915996326354453-(np.array(range(1, array_x.shape[1]+1)))*array_x/2.1473412953678173), axis=1)",0.10673269378466042,0.7270231612172765,0.034549460620422634,0.659146026776541
"np.mean(np.cos(2*np.pi*1.97139534937218)-array_x, axis=1)+10*(np.sin(2*np.pi*np.mean(np.cos(2*np.pi*1.3597937541041085)-array_x, axis=1)))",0.04194757882620171,0.15814611079851532,0.029091639319981617,0.9678556617880945
"np.mean(np.cos(2*np.pi*3.5841733298741203*np.cos(2*np.pi*array_x*3.039723873344814)+np.sin(2*np.pi*4.6279818790146425))+6.028753888676941, axis=1)",0.1531988386285477,0.7420869934805503,0.02548302799513853,0.7608313641112834
"np.mean(np.cos(2*np.pi*8.374583004958382+abs(2.5216828282882533)*array_x+7.429010569985353), axis=1)",0.07994504838218387,0.7436776333852803,0.02065323248475497,0.7046955596281745
"np.mean(np.cos(2*np.pi*abs(array_x-6.423303614738653)), axis=1)",0.07441692665135097,0.6414564625165917,0.037973312587049037,0.7615609431663105
"np.mean(np.cos(2*np.pi*array_x)*np.square(1.013161036841413), axis=1)",0.08117061578381053,0.8481565094646983,0.0963336460763639,0.6326216904140376
"np.mean(np.cos(2*np.pi*array_x-4.650015609112232), axis=1)",0.06298277711954875,0.8782846526576855,0.011695244338762076,0.37799139626949696
"np.mean(np.cos(2*np.pi*array_x-9.995738844555047/np.exp(array_x)*np.sqrt(abs(array_x+array_x)))-3.376795700635917, axis=1)",0.07350077362117796,0.6574361314954065,0.027848648161698367,0.78481919901833
"np.mean(np.cos(2*np.pi*array_x/1.4910568430906097), axis=1)",0.19184375195930625,0.7320920332256337,0.0331828678979321,0.5412937607816939
"np.mean(np.cumsum((np.array(range(1, array_x.shape[1]+1)))*array_x, axis=1)-(np.array(range(1, array_x.shape[1]+1)))*array_x, axis=1)",0.10177550550343316,0.8729196631292606,0.08508027128600494,0.12187107382513418
"np.mean(np.cumsum(2.9728968947442556+abs(np.sin(2*np.pi*4.855889771498132/array_x*8.434401766027655)), axis=1), axis=1)",0.1666517857958537,0.662561838830452,0.033049605125546194,0.8984394505028714
"np.mean(np.cumsum(abs(array_x*8.9016067109531/np.cos(2*np.pi*9.911718733588156+array_x)*6.223418186116237+10*(4.741870752191463-array_x)), axis=1), axis=1)",0.4161686345994787,0.35530167500765175,0.24318127022199743,0.8653217547004394
"np.mean(np.cumsum(np.cos(2*np.pi*np.square(np.log(abs(1/(np.cumsum(array_x, axis=1)))))+9.19167078065974), axis=1)/np.cos(2*np.pi*np.cos(2*np.pi*4.909142343549645)), axis=1)",0.10536117034095907,0.5829047450831178,0.028970026979115417,0.8115661244793486
"np.mean(np.exp(1.3292131104705136-array_x+7.63297619870532)*np.cumsum(np.round(array_x)+array_x, axis=1), axis=1)",0.03623519051538238,0.8923575131926899,0.011364253863317608,0.09565846788682807
"np.mean(np.exp(2.4721974808790304-2.6420579701265896*array_x+(np.array(range(1, array_x.shape[1]+1)))*9.183906213960437), axis=1)",0.2845019479910503,0.44116364004375946,0.15635787790535352,0.4936046827201897
"np.mean(np.exp(array_x+8.049077377344352)/np.exp(6.8981026861431)-array_x*3.529051637198484, axis=1)*10*(np.sum(array_x, axis=1)-np.sin(2*np.pi*np.square(3.4066517229819+np.amax(array_x, axis=1))))",0.338112535978071,0.4151950589538091,0.13278934331750888,0.6638992545760258
"np.mean(np.exp(array_x/5.458303748484844)+4.435088052093134, axis=1)",0.014180204060717325,0.9184415141040128,0.06275611526966907,0.041859567582218496
"np.mean(np.exp(np.cos(2*np.pi*5.773216800121408*array_x/8.260874297257367-array_x)*3.859564077867813), axis=1)+np.sin(2*np.pi*np.mean(np.exp(np.cos(2*np.pi*8.776140199920839*array_x/1.6285820494066465-array_x)*4.588083632792994), axis=1))",0.07257677994717646,0.7787567796136244,0.024143096372336324,0.7092583618295025
"np.mean(np.exp(np.cos(2*np.pi*array_x+8.00853886826403-9.871593837803765*np.round(np.square(3.7213949567818356)))), axis=1)+np.sin(2*np.pi*np.mean(np.exp(np.cos(2*np.pi*array_x+9.577943446022665-5.129256222204045*np.round(np.square(2.2518621879454574)))), axis=1))",0.16138096566074694,0.3945704930687672,0.05029927161105948,0.796378814511605
"np.mean(np.exp(np.cos(2*np.pi*array_x-8.929719789550003)), axis=1)+10*(np.sin(2*np.pi*np.mean(np.exp(np.cos(2*np.pi*array_x-6.807444722320166)), axis=1)))",0.19609823756403802,0.1431753302268962,0.016989079881368167,0.8932799814581898
"np.mean(np.exp(np.square(np.log(abs(6.951395902106314+array_x)))), axis=1)",0.10755777289720564,0.5884973524343016,0.3065964153877646,0.22075359893559454
"np.mean(np.log(abs(4.409582118356424))-array_x/np.log(abs(1.365426902879356))-np.sqrt(abs(array_x)), axis=1)",0.017135174087918405,0.9940732719680693,0.0013791329260445559,0.03792106732425649
"np.mean(np.log(abs(array_x/3.6673905660036934-7.398832922336233)), axis=1)+np.sin(2*np.pi*np.mean(np.log(abs(array_x/6.405740338187827-8.637977338927126)), axis=1))",0.01649248047485086,0.9585676733453912,0.027804751270535725,0.023701399922054035
"np.mean(np.log(abs(array_x/array_x+6.204673042632441/4.0948729097446-array_x+4.925275080118384-1.7513087086720054*abs(array_x))), axis=1)",0.6248114203319369,0.2825734954510936,0.3127856681308991,0.854428699871248
"np.mean(np.log(abs(array_x/array_x-array_x*array_x)), axis=1)",0.4224923616852515,0.3278820640388817,0.27683238679606115,0.8195446192783595
"np.mean(np.log(abs(np.cos(2*np.pi*array_x))), axis=1)+10*(np.sin(2*np.pi*np.mean(np.log(abs(np.cos(2*np.pi*array_x))), axis=1)))",0.06628776357326119,0.04858000797039326,0.01729179665021017,0.9804475838415204
"np.mean(np.log(abs(np.cos(2*np.pi*array_x)/8.391038708936216)), axis=1)+np.sin(2*np.pi*np.mean(np.log(abs(np.cos(2*np.pi*array_x)/5.135991373630983)), axis=1))",0.2225539583075285,0.4543235166399935,0.037166811013932426,0.8477024800881834
"np.mean(np.log(abs(np.sin(2*np.pi*np.square(array_x))))+(np.array(range(1, array_x.shape[1]+1)))*5.88684388691917, axis=1)",0.5731953452359826,0.6151453767658033,0.20070315404231082,0.8496182266391423
"np.mean(np.log(abs(np.sqrt(abs(8.643227102985284))))-np.cos(2*np.pi*np.log(abs(6.838620990530749))+array_x), axis=1)",0.22512208828665797,0.19821826928394742,0.5113672979642311,0.4431125135512736
"np.mean(np.log(abs(np.sqrt(abs(array_x)))), axis=1)+np.sin(2*np.pi*np.mean(np.log(abs(np.sqrt(abs(array_x)))), axis=1))",0.2943311524510331,0.28956605788459217,0.04326627179917577,0.8394223893716821
"np.mean(np.log(abs(np.square(2.3846365074449913+array_x)))+1.7483238385368396, axis=1)",0.5930386383352878,0.5757900616631886,0.1803243682264276,0.9132661492557639
"np.mean(np.log(abs(np.square(array_x/8.077969498431173)-1.2459226334628581)), axis=1)",0.15419348926539903,0.4280782757475051,0.014211123482181958,0.7244594548555908
"np.mean(np.round(3.0374920304703696*np.sin(2*np.pi*array_x-3.667662368778235)*np.sin(2*np.pi*5.619594990910888)-array_x), axis=1)",0.09588742088529788,0.33298699703893997,0.03126623680242041,0.8904060299410572
"np.mean(np.round(array_x+np.exp(5.303616412159849))-np.log(abs(np.round((np.array(range(1, array_x.shape[1]+1))))*array_x)), axis=1)",0.14494174248394276,0.4746873277480857,0.12276103882942763,0.589085990264395
"np.mean(np.round(np.cos(2*np.pi*4.459850983298271))/np.cos(2*np.pi*10*(array_x)/np.log(abs(3.05214574368063))), axis=1)",0.5729172286647004,0.4700422268747093,0.2352657156890191,0.8927596547814555
"np.mean(np.round(np.cumsum(np.round(array_x-np.cos(2*np.pi*2.980573479612184)-array_x*9.866875740521559)/-(2.8136155200892676)/array_x, axis=1)), axis=1)",0.9351493194486915,0.35231020197487817,0.645565488753122,0.9797725482108874
"np.mean(np.round(np.log(abs(np.cos(2*np.pi*np.square((np.array(range(1, array_x.shape[1]+1)))*array_x/(np.array(range(1, array_x.shape[1]+1)))*array_x))))), axis=1)",0.3637137115034968,0.6232652884435848,0.029663204907036254,0.832760961567635
"np.mean(np.sin(2*np.pi*-(9.468854880361672)*array_x), axis=1)",0.071250160418583,0.558268724556968,0.025347677963656515,0.8803648373424418
"np.mean(np.sin(2*np.pi*1.7346300675169846/array_x+8.11883411743969-array_x+9.507083869960924), axis=1)",0.23971377813018693,0.5046279422435679,0.06712172134058508,0.651047040013448
"np.mean(np.sin(2*np.pi*1.8363652626583487/array_x+7.107788410433755-np.square(array_x)), axis=1)",0.05827476975918963,0.6604361574701901,0.03133929004159589,0.8252827217204625
"np.mean(np.sin(2*np.pi*8.203467231326453)-array_x/6.728828158571464-array_x, axis=1)+np.sin(2*np.pi*np.mean(np.sin(2*np.pi*5.795824995681886)-array_x/2.2391808372739437-array_x, axis=1))",0.2884618420738317,0.43230352820090956,0.10932226997957672,0.7681248294748615
"np.mean(np.sin(2*np.pi*array_x*6.11645756579496)/5.46417766191584, axis=1)",0.11711376861323028,0.4895552784183295,0.04748688126875886,0.8942395432601262
"np.mean(np.sin(2*np.pi*array_x+array_x*4.4694781475472345+array_x/7.48244826273152)+3.962392841022671*array_x, axis=1)",0.15058812674607683,0.6363493140679224,0.031627068741781394,0.3067978476057583
"np.mean(np.sin(2*np.pi*array_x+np.sqrt(abs(array_x))-np.sin(2*np.pi*array_x)), axis=1)",0.3216224394547998,0.6607192239932205,0.04948760738139077,0.8443896001426282
"np.mean(np.sin(2*np.pi*np.exp(1/(2.194236396679738+array_x)))+np.square(6.688461347742254), axis=1)",0.29174526543388923,0.5115568271759076,0.04986944087926239,0.7776523101643038
"np.mean(np.sin(2*np.pi*np.log(abs(9.601403502384066))-np.log(abs(array_x))/array_x+8.914814971192321), axis=1)",0.26994186415896293,0.22185983092067219,0.36992913339500283,0.8410459606009489
"np.mean(np.sin(2*np.pi*np.sin(2*np.pi*9.387453726991275)+np.square(array_x)), axis=1)",0.28843411505435645,0.4568559163262142,0.06310831908845604,0.5794282573355585
"np.mean(np.sqrt(abs(1/(array_x+4.546708034717197))), axis=1)",0.01221841221252165,0.8675620306551689,0.06617089719092545,0.11153259704568906
"np.mean(np.sqrt(abs(7.036257429018286-np.square(np.log(abs(3.99085759548023))-array_x/2.1153268466477004))), axis=1)",0.41460623863874185,0.45649352499966694,0.15838239264394802,0.7034743403444743
"np.mean(np.sqrt(abs(7.191317500421632*array_x-array_x-9.511288541726312)), axis=1)",0.2786227232290287,0.49476209016584116,0.23564320215597778,0.8322982339707788
"np.mean(np.sqrt(abs(7.394650967620152-array_x))*np.sin(2*np.pi*8.939212756868711), axis=1)",0.01170983812330345,0.9723806913177322,0.030958654785097163,0.02061937666829567
"np.mean(np.sqrt(abs(7.432739487291877+array_x)), axis=1)+np.sin(2*np.pi*np.mean(np.sqrt(abs(4.208374895026169+array_x)), axis=1))",0.2373465550416981,0.26614913637553506,0.156087143292791,0.7155354577200541
"np.mean(np.sqrt(abs(7.554378449702661+array_x/9.843254324078226))/8.192306608494238*1.1983996592935218, axis=1)+np.sin(2*np.pi*np.mean(np.sqrt(abs(4.3060874530486055+array_x/5.646875841129707))/9.861330074939993*6.881096312060718, axis=1))",0.014079340443962257,0.844467412456151,0.17244853790054318,0.06908283613984889
"np.mean(np.sqrt(abs(8.38613915647459+array_x))+np.log(abs(array_x)), axis=1)",0.18351240091590942,0.7006923485916778,0.11407261202696839,0.42694237769443627
"np.mean(np.sqrt(abs(array_x+(np.array(range(1, array_x.shape[1]+1)))/7.095186221402231-9.41595800155672)), axis=1)+np.sin(2*np.pi*np.mean(np.sqrt(abs(array_x+(np.array(range(1, array_x.shape[1]+1)))/3.4297627806348148-9.262284059099837)), axis=1))",0.39418455263946106,0.32553843138285926,0.2283886753872942,0.564347755057513
"np.mean(np.sqrt(abs(array_x-2.3264459352849522)), axis=1)",0.31081031879647775,0.46140018304650554,0.2743719791935085,0.6617967987498008
"np.mean(np.sqrt(abs(array_x/9.706159026284443)), axis=1)+10*(np.sin(2*np.pi*np.mean(np.sqrt(abs(array_x/7.749148519901057)), axis=1)))",0.30649417317761474,0.566658411885766,0.12141012498621892,0.2519299721821843
"np.mean(np.sqrt(abs(np.cos(2*np.pi*np.log(abs(np.sqrt(abs(np.sqrt(abs(np.square(array_x)*(np.array(range(1, array_x.shape[1]+1)))*8.285006061217679)))))))))-8.907044851782235, axis=1)",0.3378860954324852,0.6423627990705644,0.07858918494735456,0.7984146728553208
"np.mean(np.sqrt(abs(np.exp(array_x/3.251587501196839*array_x)))/4.313603110653854, axis=1)",0.2132100478423638,0.055222794481133715,0.8629558826012265,0.25608601089518446
"np.mean(np.sqrt(abs(np.sin(2*np.pi*4.739461616590159+array_x)-np.sin(2*np.pi*array_x/8.577000250667506))), axis=1)",0.09922516879198487,0.37228734451850753,0.05399151155158584,0.8484617961215755
"np.mean(np.sqrt(abs(np.sin(2*np.pi*9.598828025829894*10*(array_x))))-10*(np.sqrt(abs(array_x))*6.629660125921123)+np.sin(2*np.pi*4.203217458963236), axis=1)+10*(np.sin(2*np.pi*np.mean(np.sqrt(abs(np.sin(2*np.pi*9.353070556764786*10*(array_x))))-10*(np.sqrt(abs(array_x))*8.815989204763206)+np.sin(2*np.pi*5.105785928438793), axis=1)))",0.18687711730528161,0.4434837249879878,0.12545466144401288,0.5335164047346158
"np.mean(np.sqrt(abs(np.sin(2*np.pi*np.sin(2*np.pi*4.9351426604361155)*array_x)))+3.412033293586343, axis=1)+np.sin(2*np.pi*np.mean(np.sqrt(abs(np.sin(2*np.pi*np.sin(2*np.pi*6.745283169709056)*array_x)))+5.999016601855341, axis=1))",0.18153627924105353,0.7109226342674355,0.0640879249708988,0.6547449919342047
"np.mean(np.sqrt(abs(np.sin(2*np.pi*np.square(np.sin(2*np.pi*-(array_x))/np.sqrt(abs(1.4415254135366968)))))), axis=1)",0.19511843472928989,0.7306744682142099,0.019803283670373893,0.6929415180102052
"np.mean(np.sqrt(abs(np.sqrt(abs(3.3844092010534923))-1/(array_x-8.696725050672478-(np.array(range(1, array_x.shape[1]+1)))/np.sqrt(abs(7.056863175802928))))), axis=1)",3.881569496676201e-06,0.9806950894319257,0.01243242195070301,0.012860470767577
"np.mean(np.sqrt(abs(np.square(10*(array_x)+9.352223550663751)-9.90366928821368+np.square(array_x))), axis=1)",0.1183587100655815,0.1186292974212486,0.7273188073637578,0.6944011618597119
"np.mean(np.square((np.array(range(1, array_x.shape[1]+1)))-6.98793854267926)-array_x*np.sqrt(abs(2.506825686835154))+np.round(array_x)-1.0776476798507413, axis=1)+np.sin(2*np.pi*np.mean(np.square((np.array(range(1, array_x.shape[1]+1)))-2.7675170210991147)-array_x*np.sqrt(abs(6.754640848360373))+np.round(array_x)-3.108721879450226, axis=1))",0.14513761638598247,0.23105990606518342,0.026761344478972156,0.8152436450481759
"np.mean(np.square(-(1/(np.cos(2*np.pi*np.square(2.2301647184637683)+np.square(array_x)+np.square(2.0183487662155164))))), axis=1)",0.20046407805557592,0.40659203406665895,0.13761531217959885,0.8517637154906907
"np.mean(np.square(2.517686666687104+array_x), axis=1)+np.sin(2*np.pi*np.mean(np.square(4.143280201413258+array_x), axis=1))",0.14582808907060923,0.13063812008336323,0.6197044589714538,0.5282697666550077
"np.mean(np.square(2.53122982506014-1/(array_x)), axis=1)/np.mean(2.9265608618618204+array_x*np.exp(7.28324602197194), axis=1)+10*(np.sin(2*np.pi*np.mean(np.square(7.089958682290528-1/(array_x)), axis=1)/np.mean(1.3251414063224174+array_x*np.exp(2.4229108026242643), axis=1)))",0.13875061732808744,0.04698698433861392,0.012331473153503268,0.9510267735882334
"np.mean(np.square(2.971745188057273-np.log(abs(np.square(9.958128167518998+(np.array(range(1, array_x.shape[1]+1)))*array_x)))), axis=1)",0.3514959645956994,0.26051007072868904,0.39022486060223893,0.6595501923211364
"np.mean(np.square(5.0183279115596715+np.sin(2*np.pi*np.cos(2*np.pi*array_x+9.300854944258631+6.996617865285999))), axis=1)+np.sin(2*np.pi*np.mean(np.square(7.990498477424275+np.sin(2*np.pi*np.cos(2*np.pi*array_x+9.950368576409232+4.303109046832994))), axis=1))",0.06358587969607321,0.6638404240223319,0.04088468230336312,0.8116211147243737
"np.mean(np.square(5.205785084083185+array_x), axis=1)+np.sin(2*np.pi*np.mean(np.square(7.066755663364225+array_x), axis=1))",0.03412158326531914,0.7733765353650718,0.20778332753975295,0.06564066119979636
"np.mean(np.square(6.155885667130004*8.106175589763048+array_x-5.33742809038621), axis=1)",0.019230998555659833,0.884392862979943,0.0515889503081554,0.07889153913330801
"np.mean(np.square(6.872109346620327-array_x), axis=1)+10*(np.sin(2*np.pi*np.mean(np.square(3.3410730757853506-array_x), axis=1)))",0.2516386605578692,0.4981457592620244,0.1657574202335276,0.6677824163411462
"np.mean(np.square(7.147404408350627/(np.array(range(1, array_x.shape[1]+1)))*array_x*3.9481696581307175-abs(3.1381968724670166)), axis=1)",0.11479512340669135,0.16751905390670674,0.7173452834417309,0.25151866398390144
"np.mean(np.square(abs(4.299384960556748/np.sqrt(abs(1.5680359105463766+1/(np.sqrt(abs(array_x))))))), axis=1)",0.27713309748986015,0.2830285229580688,0.08902111539006884,0.8886220130957133
"np.mean(np.square(array_x-5.782163358102199), axis=1)",0.05065037227768471,0.8996956118641499,0.06499240401502103,0.08116134807491733
"np.mean(np.square(np.cos(2*np.pi*(np.array(range(1, array_x.shape[1]+1)))*array_x+7.086353148804288)*5.899313252502169), axis=1)",0.13550709251117823,0.5349641036974461,0.02330919450322828,0.8491290745818787
"np.mean(np.square(np.cos(2*np.pi*array_x-3.3105325369693412)), axis=1)",0.07832997123830297,0.6913162035538183,0.021133862832548436,0.7602407761278339
"np.mean(np.square(np.cos(2*np.pi*np.sqrt(abs(8.470557456846159/array_x+np.exp(7.975345181550116)*array_x)))), axis=1)",0.11196327995897006,0.6826985833965524,0.020433195688838935,0.7181406002057896
"np.mean(np.square(np.cumsum((np.array(range(1, array_x.shape[1]+1)))*array_x, axis=1))-9.1966024203047, axis=1)",0.5776330625232209,0.0989763919491388,0.4002328974433811,0.26647956683268775
"np.mean(np.square(np.exp(10*(array_x/4.1453088681349675*7.580067517754218-array_x))), axis=1)",0.02111044153392982,0.9581543501035721,0.010056234892968079,0.03525730170990334
"np.mean(np.square(np.log(abs(array_x))+7.31139074078984), axis=1)",0.23053493203058398,0.3258922444800394,0.43468535801013813,0.7219154181819013
"np.mean(np.square(np.sqrt(abs(6.067320863404421))/array_x-8.830726532087159/np.sin(2*np.pi*array_x-2.6641996494007625)), axis=1)",0.37558987850791914,0.37715280710191573,0.16861852281677125,0.7788788206829991
"np.mean(np.square(np.square(np.sin(2*np.pi*6.097846465094929*array_x)))-3.409885281032776, axis=1)",0.22478449407931278,0.6399566989445543,0.042108500757896294,0.8878016104887148
"np.prod(10*(abs(8.041446082241567*array_x)+np.cos(2*np.pi*array_x)), axis=1)+10*(np.sin(2*np.pi*np.prod(10*(abs(6.759150218707146*array_x)+np.cos(2*np.pi*array_x)), axis=1)))",0.26241735128579935,0.3636625558392466,0.3703371757058251,0.6009127022912275
"np.prod(np.sin(2*np.pi*np.cos(2*np.pi*10*(7.490709295928461/array_x)/np.sqrt(abs(1.182789593963626)))), axis=1)",0.7800261130189236,0.31644752016460503,0.5282358621235013,0.9574914484414309
"np.round(np.mean(1.4389907382223734/8.679560410174544-array_x-4.034817564986564+4.379729908414383-np.square((np.array(range(1, array_x.shape[1]+1))))+(np.array(range(1, array_x.shape[1]+1)))/np.sqrt(abs(3.4682828709495404))*1/(np.square(3.3804308385803283+array_x))-7.603471796399783, axis=1))",0.3592947581213198,0.33906730144727554,0.12445322999175586,0.8498251861466437
"np.round(np.mean(array_x+8.596823169331856-4.614207126725492, axis=1))",0.10191889991540554,0.16801725346364782,0.04690486554857614,0.8816263625918882
"np.round(np.mean(np.log(abs(array_x))*np.sin(2*np.pi*8.931725155405438/array_x)-np.sin(2*np.pi*array_x*array_x)-3.109960131602625, axis=1))",0.6682859747117742,0.424289089037429,0.24128366569847048,0.8751417295054431
"np.round(np.mean(np.round(6.859434323488626*np.sqrt(abs(-(array_x)))/array_x)-np.log(abs(4.525304385497645)), axis=1))",0.6912986986211793,0.43122564379601785,0.3571556408098584,0.9605341276491356
"np.round(np.mean(np.square(np.log(abs(np.square(5.201924945318489)/array_x-np.round(6.766666269199387)+np.sqrt(abs(array_x+1.7851678450653072))+10*(7.968299154586222)))), axis=1))",0.5831749379713574,0.31086108388022765,0.2577719490924648,0.8233258682522268
"np.round(np.prod(1/(1.11921576140839-array_x), axis=1))",0.7758930892151537,0.3222168194482832,0.6043654901128572,0.9522725873949337
"np.round(np.prod(array_x+3.3333166026613488/array_x, axis=1))+4.5452178545218445+np.cos(2*np.pi*np.sqrt(abs(4.984157936898041)))",0.8381207088913282,0.24135103821434395,0.6602576764158883,0.9732591561160178
"np.sin(2*np.pi*np.exp(np.sqrt(abs(np.sum(np.sin(2*np.pi*(np.array(range(1, array_x.shape[1]+1)))*array_x/3.6764415234269836+1.2693906073046108)+np.sqrt(abs((np.array(range(1, array_x.shape[1]+1)))*array_x+2.8145234363792158)), axis=1)))))",0.11599715914675207,0.05650631114919441,0.012479860427892809,0.9740817056430932
"np.sin(2*np.pi*np.log(abs(np.cos(2*np.pi*np.mean(6.790824394726766*8.090842631606876-array_x, axis=1)))))",0.2151806554237581,0.24862491081402133,0.017947031859435848,0.8778660255323252
"np.sqrt(abs(1.5094147498779809-np.mean(6.175956096048491-array_x*6.899660557289026+np.sqrt(abs(array_x+9.02428378211838)), axis=1)))",0.531176378988313,0.387283072588966,0.19969015672889384,0.7060867278986527
"np.sqrt(abs(8.711308217238383))*np.round(-(np.prod(np.exp((np.array(range(1, array_x.shape[1]+1)))*array_x), axis=1)))",0.27757650263720796,0.5091409027453573,0.12127151106151335,0.6004899396465052
"np.sqrt(abs(np.sin(2*np.pi*np.mean(np.square(array_x), axis=1))))",0.5411641719492404,0.30386322321400966,0.07605608348915287,0.6854388347500293
"np.sqrt(abs(np.sum(1.1856032253767126-10*(array_x)+array_x-8.570214043607546, axis=1)))",0.6512817075936659,0.29836424079890805,0.14564956730537928,0.7719877607653978
"np.sqrt(abs(np.sum(np.cos(2*np.pi*array_x-np.sin(2*np.pi*3.6391736373943124)-array_x/np.round(7.64635956381665)), axis=1)))",0.1295358236573524,0.6182373044130616,0.019002046794065048,0.7572462276414816
"np.square(10*(np.log(abs(1.4271235263597597))-np.sum(np.sqrt(abs(10*(4.34937085736637*array_x))), axis=1)))",0.15890634457544742,0.21753601300846018,0.46096948634921764,0.7410737314433323
"np.square(np.exp(1.4274556545027586))/np.mean(4.831960099306841+array_x-2.0937244036375597, axis=1)+10*(np.sin(2*np.pi*np.square(np.exp(8.534041841704695))/np.mean(5.861725732870605+array_x-9.49993606518609, axis=1)))",0.8891673751422249,0.3946416436961418,0.5340612261880037,0.9597706754109316
"np.square(np.mean(2.71932156838178*1/(array_x)+array_x-array_x-1.6666866927386672, axis=1))",0.26752414643373723,0.4209254399462988,0.14015109624854902,0.8298866579229802
"np.square(np.mean(np.square(array_x), axis=1))",0.04945420046472016,0.06651215698809174,0.9493728006159572,0.27536398073172047
"np.sum(2.8757657557028566-array_x, axis=1)/2.9690507737244434+np.sin(2*np.pi*np.sum(6.268074357716082-array_x, axis=1)/4.69851921472005)",0.24297277812982326,0.12357025968096653,0.012990959801293011,0.8789078461999489
"np.sum(8.070791932789835+np.square(np.sin(2*np.pi*np.log(abs(array_x))))/5.840989630596921, axis=1)+np.sin(2*np.pi*np.sum(7.970779810602881+np.square(np.sin(2*np.pi*np.log(abs(array_x))))/3.9732676961058515, axis=1))",0.37184077186258613,0.41763857476392824,0.08620212513705557,0.8372717343261858
"np.sum(array_x-9.252541977343695, axis=1)-1.4806294586866202-array_x[:,0]+6.8992679507984755",0.05354621773259705,0.9133200370530402,0.05330485281915859,0.0646083670646036
"np.sum(np.sin(2*np.pi*np.log(abs(np.round(3.3181732961981703+np.square(array_x*6.553822165167681))))), axis=1)",0.0729444528562209,0.44447732727698797,0.06993752426174787,0.7111182981592651
"np.sum(np.sqrt(abs(array_x)), axis=1)+np.sin(2*np.pi*np.sum(np.sqrt(abs(array_x)), axis=1))",0.30191984066712296,0.2237265461093706,0.3412195372323917,0.6724914731877314
