f,PSO1,PSO10,PSO11,PSO12,PSO2,PSO3,PSO4,PSO5,PSO6,PSO7,PSO8,PSO9
"-(np.cos(2*np.pi*6.0159356807486155))-np.sqrt(abs(np.sum(1.9697769822599156+(np.array(range(1, array_x.shape[1]+1)))*array_x, axis=1)))",0.2942367637757641,0.4806409744801198,0.5529868800820021,0.3212223050017336,0.35825875931319195,0.3135343069046466,0.3840282746381878,0.37261353761310373,0.35708278783496594,0.3119474706734412,0.4907059887920331,0.3205159147730104
"-(np.mean(np.sin(2*np.pi*np.sqrt(abs(2.206203047047521-array_x-3.773339736070616))), axis=1)+7.463145809564738)",0.4529183472417044,0.43346147263820073,0.5473967962429368,0.47518346419496665,0.4054956215984933,0.44297000941124304,0.45911499457397115,0.48735969045335004,0.40213342699957527,0.4261210215500216,0.5131192975199371,0.47298735943527276
"1.059091365856808+8.057086523702502/array_x[:,0]-array_x[:,0]-np.log(abs(9.919659761910488))-np.sin(2*np.pi*np.sum(6.02955322364484/array_x, axis=1))",0.932434525910434,0.7208568925599285,0.9242683015994175,0.7443291142605684,0.963819680430381,0.9432308321552147,0.973650291182654,0.963716191458935,0.9605486257720928,0.9407205350101877,0.7029768988003088,0.94791082646908
"1/(np.exp(np.sin(2*np.pi*np.mean(array_x*5.211131846435361, axis=1)+array_x[:,0]-8.980735046520333)))+np.sqrt(abs(np.sqrt(abs(np.sqrt(abs(1.0445094218876618))))))",0.27675682649147315,0.21151754774474255,0.239513916294453,0.21929357375143632,0.228574661006649,0.27483939584508044,0.2679725682280818,0.31267788862603374,0.33679332956126545,0.27940503557018975,0.2517016270953917,0.3018672986272375
"1/(np.prod(np.square(np.sin(2*np.pi*2.4752438903051486)*np.round(np.cumsum(array_x, axis=1)))/np.sqrt(abs(array_x))+np.sqrt(abs(np.log(abs(4.9623378993635)))), axis=1))",0.1686942482380246,0.400421784661452,0.3479608611061598,0.1795114379011594,0.23937309348126357,0.17150929877326798,0.33227581436112474,0.2145434508919831,0.2422488833041779,0.18845224852143264,0.419939356992876,0.18074665224490563
"1/(np.sum(10*(6.879357702171933-np.round(7.8539260353973015-array_x+array_x)-6.381166721188764-np.exp(array_x)), axis=1))",0.05873543062610263,0.4106990041284261,0.3943955889321977,0.06351608293215591,0.16246957736901232,0.06431297099382921,0.22594189077410362,0.10733011875511789,0.09060115242971004,0.09555532456162995,0.601150963093987,0.09254119036488857
"10*(10*(np.sqrt(abs(np.sin(2*np.pi*5.123462153381837)))))-np.exp(10*(abs(np.sin(2*np.pi*3.9446666619554067-np.prod(array_x, axis=1)-array_x[:,0]))))+np.sin(2*np.pi*10*(10*(np.sqrt(abs(np.sin(2*np.pi*2.573516509443386)))))-np.exp(10*(abs(np.sin(2*np.pi*1.7784305626518728-np.prod(array_x, axis=1)-array_x[:,0])))))",0.3222190084099061,0.21680437226444074,0.29734036388211743,0.2816479266168531,0.4300544308376385,0.34136133435848737,0.4151579134890312,0.3735925223542524,0.40869928806280975,0.3545444682319481,0.23294011758355337,0.34533562256186734
"10*(np.mean(np.sqrt(abs((np.array(range(1, array_x.shape[1]+1)))-array_x))-9.967016724483448, axis=1))",0.23950009116347787,0.346763796043977,0.3947118275034239,0.17849773309689218,0.42102270804066527,0.2365926089386755,0.4655857415026628,0.37729083082227854,0.38955322791040686,0.3412556421300135,0.36058689808680605,0.35320882914075374
"2.122380347831867/np.square(array_x[:,0])/6.248292242870315+np.square(np.amax(np.square(1.331406973791643*(np.array(range(1, array_x.shape[1]+1)))*array_x), axis=1))",0.06092995256414106,0.039029135682596694,0.05605486151009584,0.015643637901769467,0.3722147589674055,0.06080314570748706,0.4141283255626146,0.2920026267402678,0.2949362632858739,0.1855944358039268,0.030644977275191887,0.23081195106811336
"3.0772678823447084/np.prod(array_x-4.299107673223954, axis=1)+np.sqrt(abs(2.9082591044492707/array_x[:,0]-1.1006438137678933))*np.log(abs(9.791537351765202+array_x[:,0]))",0.4673749430991613,0.42169875200646684,0.4974366210298928,0.34541214679735704,0.5351490281777653,0.456773266935005,0.5806145142687876,0.5277883422076227,0.5280669244030102,0.4926163811499555,0.4441474254987016,0.4836912464485199
"8.009723268718849-np.mean(np.round(np.log(abs(array_x))), axis=1)+10*(np.sin(2*np.pi*7.026665674708445-np.mean(np.round(np.log(abs(array_x))), axis=1)))",0.12206846762294576,0.728100063471735,0.6720711060644626,0.4022987321874239,0.07041445004080518,0.10845535047899546,0.09506846004606681,0.09034291216012483,0.12636158448264712,0.09387365213237396,0.7461540934371149,0.08497953535606431
"8.152754993252827-np.sum(array_x, axis=1)+np.sin(2*np.pi*6.767286450325646-np.sum(array_x, axis=1))",0.18101870652915936,0.7705699930462526,0.5295430271027185,0.23143326973332368,0.21283275562529178,0.17368106596476363,0.20307264427623933,0.1952003402984421,0.1951550009542119,0.1959378167499942,0.8835063111357445,0.19024657037432788
"abs(np.sum(array_x+3.4588050943578574, axis=1))",0.17436350600687422,0.3870607842766027,0.3394958832926844,0.08508190475154591,0.27765178046199873,0.19313458941151687,0.36480411181858047,0.314884570806403,0.20119630356539372,0.25327345922112277,0.3972047350610929,0.25172520352638883
"array_x[:,0]-array_x[:,0]-4.400652961780102+np.sum(array_x, axis=1)/6.421195353159253-np.cos(2*np.pi*np.sum(array_x, axis=1)-6.533685954855413-5.199087248652106)",0.2185433193920754,0.6862157175720378,0.6463432579366749,0.5255439564324734,0.15816217067345542,0.20769941056839789,0.16358783393938783,0.1487203232684001,0.17231354416149625,0.16731097722655433,0.7267708546363554,0.15675814045972192
"np.amax(7.748120573130549-(np.array(range(1, array_x.shape[1]+1)))-np.cumsum(array_x, axis=1), axis=1)",0.0660442180207327,0.6645780113961628,0.48531165437407253,0.16211077562001222,0.10240230830382774,0.07743321145347255,0.11487186261353538,0.10653670751542829,0.08296035651046357,0.09166319938744402,0.7128378256612994,0.08643017119868439
"np.cos(2*np.pi*10*(np.prod(2.204647061056109*array_x, axis=1)))-np.mean(10*(array_x-(np.array(range(1, array_x.shape[1]+1)))+3.944332808113446), axis=1)",0.013937630848821181,0.8926891369623658,0.42424672364638033,0.11294683563449766,0.013537635577224644,0.013207687200151282,0.018737620419890542,0.017009109963354935,0.016387722073189316,0.01666018533900808,0.9772692276535443,0.016286329664671285
"np.cos(2*np.pi*8.336385363945055-np.sum(array_x, axis=1))",0.22830278362381012,0.2146664583480545,0.23199570998697788,0.17540352504248324,0.3236764253807947,0.2844330778532139,0.27467138950610964,0.28328287517236606,0.29619464942996837,0.2797745690285366,0.2030463081170029,0.26972231100649885
"np.cos(2*np.pi*np.cos(2*np.pi*2.356873758714734+np.mean(array_x+array_x, axis=1)))+10*(np.sin(2*np.pi*np.cos(2*np.pi*np.cos(2*np.pi*7.95958036020091+np.mean(array_x+array_x, axis=1)))))",0.40892720915805875,0.2930746644699234,0.3771867044015277,0.3340425475354703,0.45485164452019977,0.43283072366034636,0.45704246539771787,0.40624724324164624,0.40297680609157593,0.4304983409173936,0.3411479906061514,0.44550874236852317
"np.cos(2*np.pi*np.mean(3.61507271601828*array_x, axis=1))+np.sin(2*np.pi*np.cos(2*np.pi*np.mean(7.756575117249026*array_x, axis=1)))",0.4342581321588166,0.21567302885580006,0.27603434428162515,0.15394918881325184,0.4676421025633485,0.42356976360008747,0.4680880469599799,0.44078596137004716,0.476430694866797,0.3975136536806889,0.2412307842667348,0.44176487587651264
"np.cos(2*np.pi*np.sum(array_x, axis=1))-2.4959592924304994/1.726323223269814",0.41716866179358436,0.4369221867356589,0.4896840786421455,0.45017873650870865,0.33582371259005867,0.45400189333800983,0.3525458691720925,0.4190150599235617,0.3886615302366003,0.39895932290225594,0.49703093916713714,0.4119971937470103
"np.exp(np.prod(np.round(4.825357117475989*array_x/9.814972215059383)*3.041717872791695, axis=1))",0.1479361874580553,0.7462392472474387,0.6881040772719476,0.33165322875347075,0.12030667779996068,0.1302043093575398,0.12286599813348026,0.1329375728149229,0.153763278487762,0.12706236223821668,0.7475931553811573,0.12100451702548107
"np.exp(np.sum(array_x, axis=1))+10*(np.sin(2*np.pi*np.exp(np.sum(array_x, axis=1))))",0.21058075983554128,0.2808059795399198,0.27008932727230756,0.1617053802058731,0.32162786243148644,0.2059510104112834,0.374384019523001,0.29712920790845565,0.2571314104704878,0.2518569084360998,0.3103546123474608,0.24354862287204393
"np.exp(np.sum(np.sin(2*np.pi*array_x), axis=1))",0.3757760703987156,0.3219477776562231,0.3428000580230938,0.2437640061488299,0.4360343843239621,0.3852529241471195,0.42551477476098426,0.40929382127824987,0.38771392520557685,0.40841534845912164,0.3061393045345993,0.40149109794913046
"np.log(abs(-(1/(6.687888304903634)+np.amax(array_x, axis=1)/-(5.5671365490638545))))",0.6414794019415265,0.31837552277627806,0.5689197012475031,0.43877354845493194,0.7708884079791981,0.6296082495366002,0.8028244825446754,0.7532641085361281,0.7128811511839845,0.7053117715390433,0.26980756339966677,0.6872824270290121
"np.log(abs(6.898980025215577+np.sum(8.171010308886723-8.201300434422226*array_x, axis=1)))",0.619957641334732,0.42176579614089965,0.6359897185630717,0.4275571718186783,0.7360290173157922,0.6695419165576585,0.7893203794036332,0.7459057332630021,0.7053091147086026,0.693124816950799,0.4213985952091197,0.7050913702642635
"np.log(abs(7.6879476300055085))/np.sum(np.cos(2*np.pi*array_x+7.771908946533278+1.5602164609752127), axis=1)",0.8969865410656519,0.7646752234050919,0.9145382020224129,0.7154634858208024,0.8662730935720684,0.894161131172572,0.9064104588090988,0.8951723735448105,0.9015948318889174,0.8599151086429572,0.775001339264379,0.9161888393632591
"np.log(abs(8.22767718213785*-(np.exp(np.amax((np.array(range(1, array_x.shape[1]+1)))*array_x*(np.array(range(1, array_x.shape[1]+1)))*array_x, axis=1)))))",0.09523655917903028,0.06769048515011813,0.06286182200279593,0.021872534794493886,0.4125578677905646,0.08834818586588332,0.4107869871478951,0.2753143387979752,0.24467748158389507,0.20927775535636925,0.028470874607133153,0.20770412577473593
"np.log(abs(np.cos(2*np.pi*2.9754094175675982)))+7.626145796359268/np.square(np.mean(np.cos(2*np.pi*array_x*9.09226498274873)/6.136564828763621, axis=1))",0.3945870079847016,0.3849717205382664,0.42228152363815774,0.29926780235765416,0.4175682918025317,0.3466389296678322,0.5015961839970157,0.4047873056869141,0.43118068894747696,0.42815448980493587,0.38459177661749405,0.39172879154886225
"np.log(abs(np.log(abs(np.square(np.square(np.mean(np.sqrt(abs(array_x+4.715547287680102+array_x)), axis=1)))))))+10*(np.sin(2*np.pi*np.log(abs(np.log(abs(np.square(np.square(np.mean(np.sqrt(abs(array_x+8.009360825032033+array_x)), axis=1)))))))))",0.31838086132024124,0.16344558358952846,0.24303142079257653,0.17965631576935528,0.46492877319568693,0.2865985679998048,0.5408294239192916,0.31924501349432494,0.4535303497763959,0.3359835233784431,0.19796891684077925,0.2810712175085954
"np.log(abs(np.mean(np.sqrt(abs(array_x)), axis=1)))+np.sin(2*np.pi*np.log(abs(np.mean(np.sqrt(abs(array_x)), axis=1))))",0.31410570856113584,0.19340090988518763,0.28806793840538375,0.2085574982932037,0.49716215131139513,0.36567673067983103,0.5982079616207048,0.45753701618029735,0.47170116695633896,0.4334387742771337,0.1959884527270751,0.45938042908267057
"np.log(abs(np.square(-(np.sum(np.round(array_x/9.799274409547252+np.round((np.array(range(1, array_x.shape[1]+1))))), axis=1)))))+np.sin(2*np.pi*np.log(abs(np.square(-(np.sum(np.round(array_x/5.268070462201689+np.round((np.array(range(1, array_x.shape[1]+1))))), axis=1))))))",0.4075480463543796,0.3179287878827244,0.6598382776018334,0.4213331640082554,0.438624573735839,0.5119344261028037,0.4252536989223538,0.44447504455434717,0.4194859828961907,0.41762561431960704,0.37982896125332355,0.3875098115620962
"np.log(abs(np.sum(1.2830950412478972-array_x*array_x, axis=1)))",0.7041114618294364,0.4192134285723919,0.6562648968400709,0.5601155502648725,0.7962164460764946,0.707811700771359,0.851832130916972,0.8149378722448398,0.7809957176493775,0.7427759258347914,0.3188645021692008,0.7428324774270242
"np.mean((np.array(range(1, array_x.shape[1]+1)))*array_x*array_x+6.055849395281059-7.22413193598974/array_x+array_x/4.925650344970507, axis=1)+np.sin(2*np.pi*np.mean((np.array(range(1, array_x.shape[1]+1)))*array_x*array_x+1.1846767361330413-5.867474956386643/array_x+array_x/4.467098522052828, axis=1))",0.6883712132779501,0.3582003472063539,0.6483935631010576,0.4893656222622817,0.8650590216468614,0.718619276321252,0.8673840694746052,0.8084309812854467,0.7738467621531925,0.7769500708108202,0.3696641508679213,0.7708460338123067
"np.mean(-(4.131875997195213)-np.sqrt(abs((np.array(range(1, array_x.shape[1]+1)))*array_x)), axis=1)",0.02145994951888288,0.8513642882149699,0.5536551277695841,0.12190231306416895,0.003145803595331573,0.028765768192729788,0.0037588110379410365,0.009080755830298666,0.020581354136427765,0.017098684450733734,0.8748948095317914,0.01481932055557712
"np.mean(-(5.017204815781813+array_x)-np.sqrt(abs(array_x))+7.156770298845257-array_x, axis=1)",0.2237096929958692,0.7996522601240831,0.6238858066773489,0.23075017113323124,0.19428762332914792,0.2181197960784374,0.2284235213522344,0.2265341471496284,0.22712188835991434,0.22323701220921316,0.8770734265867018,0.23092669028047447
"np.mean(-(np.round(1.8765864602862212-(np.array(range(1, array_x.shape[1]+1)))*array_x))/9.197347511096215, axis=1)",0.009355450836804688,0.9119484603425957,0.6666829804798569,0.0739647443949166,0.008187783188635264,0.007812237163698135,0.009412388075580362,0.0077411962733596705,0.007857372580354597,0.007131637775748401,0.8866716636077637,0.007853353766434073
"np.mean(-(np.sin(2*np.pi*8.61804085705261))*np.round(np.log(abs(array_x)))+9.684375613287994, axis=1)",0.5561514896239056,0.25483794513383357,0.3993657262894272,0.3342198351810619,0.7007315952544778,0.5601974107104946,0.7819323254498276,0.6516468499728512,0.6693715280309813,0.6377570561283261,0.20881779443926465,0.6335371758866257
"np.mean(-(np.square(10*(array_x)+8.115565614340266)), axis=1)",0.18475509626403372,0.8522641192442656,0.721880645293184,0.32829068510213966,0.10080581017201963,0.11544196114699024,0.04473407350708637,0.12794044709444913,0.1901476228024105,0.24081823683947984,0.9098328035588044,0.11061460700919801
"np.mean(-(np.square(6.083713140459851+np.exp(3.5367091504337655+array_x)/array_x-4.312427464136128)), axis=1)+10*(np.sin(2*np.pi*np.mean(-(np.square(3.96680987462679+np.exp(3.004536806187757+array_x)/array_x-1.288464214977954)), axis=1)))",0.3128274347805724,0.47824090429938354,0.5298328045778742,0.4176187756189855,0.28657194625358945,0.3136589715077367,0.27568087029050004,0.3025149221250951,0.28375828307503537,0.2867989963911272,0.5244963717320772,0.283997827675433
"np.mean(1.5762244806634063*np.cos(2*np.pi*array_x-array_x-4.7552250895892225)*8.775881242827069, axis=1)",0.3993928649425452,0.1954060355923439,0.27387157944065116,0.1329387197094728,0.5029926985210816,0.42853008430382056,0.48934125949137913,0.45366234573039066,0.4755729092592341,0.4410181820946728,0.18379098626059645,0.4497868856717712
"np.mean(1/((np.array(range(1, array_x.shape[1]+1)))*9.218149127837894+np.cumsum(array_x, axis=1)), axis=1)",0.08936220143937651,0.6285600555674087,0.47915540481260754,0.15736877750577813,0.13396674153466157,0.09813384215322694,0.16184336351051665,0.13021130390154678,0.12767388748630587,0.12739835930601098,0.6341048490221136,0.11553955991790214
"np.mean(1/(10*(8.24959116328262/array_x/np.round(8.330555609562424)+abs(9.38170257386649)-np.exp(5.601982528149844+array_x/10*(1.2562620337687567)))), axis=1)",0.0024862518769671453,0.9634163465841251,0.6520845899404968,0.02171874024443197,0.0008889513361291343,0.0019126050976154356,0.0010808791729129727,0.0015653168353208001,0.0012490520259423679,0.001228152261157639,0.9180112015533137,0.001578783197073281
"np.mean(1/(6.301206614569123+array_x-np.square(2.154263915165415)), axis=1)",0.85821727649623,0.741836367165702,0.8989574932666475,0.7199598495988194,0.8375433909497437,0.8796360340601045,0.8789605141118156,0.8732743976839056,0.8625074418340617,0.8577485006061599,0.739408478084711,0.9037014560639988
"np.mean(1/(np.cumsum(np.sin(2*np.pi*np.sqrt(abs(np.sqrt(abs(np.sqrt(abs(6.0153718456539105))*array_x))))), axis=1)), axis=1)",0.8283549222456039,0.7481397129900854,0.8795807797644057,0.7262045548039646,0.8640320370085297,0.8410019831735625,0.8708343083308676,0.8643692549665327,0.8496198144561591,0.8296912982319162,0.6830623926424049,0.8411822143008878
"np.mean(1/(np.sin(2*np.pi*array_x*1.4627602699270836*2.825040078221631)), axis=1)+np.sin(2*np.pi*np.mean(1/(np.sin(2*np.pi*array_x*2.2181217632679853*6.737335310757336)), axis=1))",0.8231548573609122,0.757339455155697,0.8216564516184924,0.6352164047727136,0.8016011827105184,0.8293611364421782,0.860994683978238,0.831320632999913,0.8435161063536586,0.809855227125092,0.7522149704923909,0.8333439189730525
"np.mean(1/(np.sqrt(abs(3.328367966569031*array_x+2.9374003173395993))), axis=1)",0.27770885751300356,0.39946824436615885,0.4353193115672376,0.20623061062727963,0.39397050886269575,0.3027656369247948,0.4150332918153755,0.3751558384431046,0.3196928267134952,0.2985138195712855,0.4309337654127768,0.28290941137514036
"np.mean(10*(array_x*8.261124790104727)+10*(5.310960733664213)*4.568420584450988, axis=1)+10*(np.sin(2*np.pi*np.mean(10*(array_x*4.467860060154926)+10*(6.412830422346053)*6.543487289990985, axis=1)))",0.0027763958833689796,0.9172926471710088,0.6870897348354399,0.02323808014327313,0.001390037285597254,0.0030484504034256478,0.0018073148448709921,0.0017510662742619826,0.0019464167377767684,0.0016174136078042905,0.9109840213935623,0.0016888326317201906
"np.mean(10*(np.sqrt(abs(9.438613586360233)))*array_x, axis=1)+10*(np.sin(2*np.pi*np.mean(10*(np.sqrt(abs(2.5180126005320886)))*array_x, axis=1)))",0.04142719636413975,0.9155978646610399,0.7427576274850592,0.37154623224560757,0.032917129816542684,0.04010687842347118,0.040395740068020276,0.027414229039584712,0.02268968885498398,0.01684349105398927,0.8965975345918948,0.02746349820507437
"np.mean(2.106654965397652/np.sqrt(abs(array_x))/9.63868641934428+array_x-np.sqrt(abs(9.496946376217004)), axis=1)",0.0019460350429314954,0.9493249536298971,0.560996440449518,0.035079987067698604,0.0007020254351637894,0.0019446767902710474,0.001259484547592462,0.0013301663690040357,0.0011831617384856388,0.0010963812532052025,0.87879762782124,0.001231706909007117
"np.mean(3.237276562709765/7.108560816427107-array_x-array_x*array_x+5.466289611306258, axis=1)+np.sin(2*np.pi*np.mean(5.515508805402803/6.389092463571862-array_x-array_x*array_x+5.044115026618593, axis=1))",0.07712906478854453,0.6273736299134071,0.5624644697929866,0.10534283442648494,0.09866688890281974,0.0547817464822743,0.07319936358209782,0.06966963164809929,0.10525266196705753,0.08392166480933248,0.7537834995448864,0.06264643226895444
"np.mean(3.4697157288683362+np.sqrt(abs(6.15688759087075))/array_x+array_x, axis=1)",0.8334706338740574,0.5948873854663814,0.8226501082780833,0.6599438672548911,0.8847329901152873,0.8466000912701643,0.8820028923905219,0.8716448258886389,0.8577222296419649,0.8440750565375721,0.641995189615891,0.8503788535300754
"np.mean(4.022769997578502*array_x/np.square(9.007753743863532)/np.round(array_x+6.835697979496658), axis=1)",0.03242322748546015,0.8331020365734738,0.7465857205036932,0.2515254526598353,0.020385711534784693,0.0286002042810641,0.02747971382766303,0.023975421141310266,0.02228462219754903,0.018825475039765595,0.8842049697318481,0.021011181270583202
"np.mean(4.166288612963598+array_x-np.exp(array_x), axis=1)",0.3738921980221338,0.9099365068708168,0.7231267585796113,0.5775843258561861,0.18848612574750992,0.3176656203259154,0.05479451929617365,0.171611950716955,0.1866887208627184,0.2913356107085144,0.9427166247056802,0.0640847969237508
"np.mean(4.691082674212776/array_x*np.exp(array_x)-9.588950273280417, axis=1)",0.5724704388410107,0.26960317098228326,0.5079961933660294,0.361157926973199,0.7692654362150764,0.5742420495725492,0.8027030034533047,0.7473426316546081,0.7359362747948371,0.6691465647302722,0.1785435986701246,0.6998418170770979
"np.mean(5.0957709094353785*array_x*-(7.105882144530522)*np.sin(2*np.pi*1.5059085846080484+(np.array(range(1, array_x.shape[1]+1)))-2.2349158130904234), axis=1)",0.07850423503017684,0.7621663766353413,0.544852990147576,0.14689096461970175,0.09277066929559773,0.09011528874967635,0.12303748247366741,0.11033267116968302,0.10353107569662394,0.08951641940632887,0.810533257274839,0.09852630299818539
"np.mean(5.781368635669839-array_x*4.349968299663724-np.sqrt(abs(1/(array_x))), axis=1)",0.0026972429147687745,0.9095390167295989,0.42577011308090745,0.08985020876101765,0.0035192294457607144,0.0033071150439992723,0.003483294214267145,0.003855850956091855,0.003763867689357093,0.0034230097760104324,0.980897120319128,0.002899089106658979
"np.mean(6.733850233424093-np.sqrt(abs(array_x-6.51678842228791))+np.sin(2*np.pi*-(array_x)*8.283967619576245*7.7581256032715356), axis=1)+np.sin(2*np.pi*np.mean(1.317948962409886-np.sqrt(abs(array_x-9.36811676414599))+np.sin(2*np.pi*-(array_x)*4.466937441500169*7.345507202994482), axis=1))",0.4901388133304119,0.38068418412820487,0.5201096858876959,0.4335028704158479,0.42092419694620853,0.43663924035317686,0.44766074275365747,0.48588319718812867,0.4253426680903117,0.40366147498713895,0.4333770839936774,0.40411344244006064
"np.mean(6.836194876579764*(np.array(range(1, array_x.shape[1]+1)))*array_x/(np.array(range(1, array_x.shape[1]+1)))*array_x*abs(np.exp(8.980941239199751))/np.exp((np.array(range(1, array_x.shape[1]+1)))*array_x/6.631325485737746-np.square(1/(8.627958869298268))), axis=1)",0.04577666346742298,0.6125868114495969,0.42404860096523755,0.04727315763923836,0.13327485111734233,0.04667775055300445,0.15085603774899986,0.12552469938051541,0.09877955150424773,0.07818463889673187,0.6802919526559364,0.08294063071320643
"np.mean(7.218619637616231+array_x/3.6962548414079923, axis=1)+np.sin(2*np.pi*np.mean(4.9322275812368+array_x/5.924186456867957, axis=1))",0.30355513334334294,0.4567553459928962,0.5392719791099087,0.3353694866103932,0.36765566024599017,0.30086873138812936,0.36616718501384893,0.3720037064635446,0.3608008954058085,0.34347900813323456,0.4552922410548501,0.3559703261632356
"np.mean(8.221635549840528+array_x*2.947067232608023, axis=1)+np.sin(2*np.pi*np.mean(2.354069785839423+array_x*3.3800556787709213, axis=1))",0.042354692034186424,0.8982945804497205,0.7120477297399188,0.24541887315060096,0.038406084267124635,0.035776526098530936,0.041371590713783976,0.029785873092451887,0.028257291514282662,0.022042537553186,0.881866038777402,0.027732570752562854
"np.mean(8.506060741875078*np.log(abs(array_x))+3.994029691082136-array_x, axis=1)+np.sin(2*np.pi*np.mean(7.986390197138129*np.log(abs(array_x))+2.3790401633448424-array_x, axis=1))",0.631006789185848,0.2641694132450056,0.5570993084213351,0.415012312288014,0.8167833346339363,0.6246355926964785,0.894283789363819,0.8151962466807648,0.7698530489531847,0.7364279241250187,0.20422713214133695,0.7414827178422948
"np.mean(8.848870881328171/np.sqrt(abs(array_x-1.736055131046001))-abs(1/(np.square(6.46409293616676))), axis=1)",0.06209290919964977,0.7182579765465377,0.5130095658229017,0.06679423237845768,0.08008043167106799,0.06545067728957801,0.0860548816507609,0.07793628794398894,0.06768907740947691,0.07092808663447886,0.7796365103031662,0.06450252268285553
"np.mean(9.127515080674208/np.log(abs(array_x/9.470059973773754)), axis=1)+np.sin(2*np.pi*np.mean(4.124933094515304/np.log(abs(array_x/2.2548367038388784)), axis=1))",0.10178741147253527,0.6230899423671272,0.5109873772010746,0.14108854455683784,0.12627423858155795,0.05779447639910673,0.09475209943742657,0.09775343207383719,0.13722640645082898,0.10649917805930334,0.7276063087907174,0.07670958034922631
"np.mean(9.225360787997166+np.cos(2*np.pi*array_x), axis=1)+np.sin(2*np.pi*np.mean(5.2602595983971305+np.cos(2*np.pi*array_x), axis=1))",0.41051358183769837,0.2906502357306557,0.3610670622448541,0.26591854038064805,0.4177547192823781,0.42599432734834325,0.4816021881257243,0.40924398710198084,0.44083468854319835,0.40992140402782345,0.2883440056589563,0.4534790388200022
"np.mean(9.248875165526318+np.cos(2*np.pi*array_x)-4.618089295339919*np.exp(8.951347689546516+array_x*6.603852435377386), axis=1)",0.7711177489828144,0.7837019570804519,0.8597995864553962,0.7857219565788938,0.5679588969123494,0.6344246177233702,0.6112786187303187,0.6380777819835773,0.6587478836939888,0.6615657527466425,0.782023788800569,0.5888338369188368
"np.mean(9.262419521592511+np.sqrt(abs(array_x))/5.59847485461472+np.square(6.534902703849867)-1.0193666193189488*array_x/np.square(8.167496867760082*array_x), axis=1)",0.6277078031434088,0.2688453356946445,0.5264076761781015,0.41832282216237715,0.7790975072288933,0.6455534161856376,0.8634770023439429,0.797562823836207,0.7515369462334458,0.7286339573813342,0.20336542951801778,0.7480082688776503
"np.mean(abs(1/(array_x+7.881836415301213*array_x)), axis=1)+10*(np.sin(2*np.pi*np.mean(abs(1/(array_x+1.7120790385229467*array_x)), axis=1)))",0.40437563465845355,0.34081468194745557,0.38846188727930886,0.3551983978451979,0.46346373525696394,0.38707706595539976,0.4050277168502404,0.34798782354355706,0.3728765845694777,0.3569641855566942,0.3362121223063155,0.3466217370191504
"np.mean(abs(1/(np.exp(10*(np.log(abs(7.248022961834775+7.8070962099615215*array_x)))-np.sqrt(abs(3.5279641624042375))))), axis=1)",0.381104535376253,0.560630518181277,0.5165923584465943,0.28849634169382515,0.39189598343878385,0.3868845510960576,0.4095249045510404,0.3857660701902849,0.40828573683151304,0.38537383576764406,0.5837061030747066,0.35305971547404225
"np.mean(abs(array_x)-2.954280893740347/1.5115833694833256, axis=1)+np.sin(2*np.pi*np.mean(abs(array_x)-2.0769121053803157/9.680953443458886, axis=1))",0.228164068898733,0.38681781962663925,0.3740372870529334,0.20205176149207027,0.332775609326146,0.19324764007118644,0.3215217800215172,0.32176380274242855,0.3110787747834129,0.2727962059008907,0.3454883782563276,0.2384414805608951
"np.mean(abs(array_x)-np.round(8.745287697812373+array_x), axis=1)",0.3673099063389422,0.3578382644105797,0.46740137982025504,0.2676392765929303,0.532697929876926,0.3471776117180788,0.5250414145821334,0.4981998614733849,0.46971841114528884,0.4714103043676285,0.4206924299235738,0.4089945506639603
"np.mean(abs(array_x/abs(1.0240631079685532))/np.sin(2*np.pi*array_x)+array_x, axis=1)",0.4146218468486413,0.34093228110863694,0.42082541180470945,0.30270350651559813,0.5237949914389476,0.41722216215694524,0.5175988786915805,0.4774606701546002,0.4910207763805831,0.44973756587676844,0.3728793871559049,0.42688722860613126
"np.mean(abs(np.exp(np.sqrt(abs(np.sqrt(abs(array_x))*array_x-np.round(7.896861734362384))))), axis=1)",0.009303062101539541,0.7832194688713231,0.3238449450038938,0.03693836792631795,0.024587479532823888,0.010446576194279578,0.02786279484721754,0.019450165512567123,0.020979755864055916,0.018513777808569803,0.9300671600090544,0.01631369671332938
"np.mean(abs(np.sqrt(abs(6.469407498554951*array_x*8.984253499507382+np.exp(3.6145297911053866)))+np.sqrt(abs(5.90778118033837))), axis=1)+np.sin(2*np.pi*np.mean(abs(np.sqrt(abs(6.2823122302120975*array_x*8.726536256965156+np.exp(5.5117595558153525)))+np.sqrt(abs(2.632399138017635))), axis=1))",0.4278201528895636,0.25154249639903986,0.36110269760490665,0.23769044177316087,0.6598540083040167,0.40315454927443445,0.6422769664315463,0.6025914103535027,0.6150363044403437,0.5237591571966551,0.15621724406842985,0.5390977997592824
"np.mean(abs(np.square(array_x-2.5842249889004605)), axis=1)",0.0869728622394664,0.10651516204624276,0.08786826792260584,0.02616123687982294,0.42665748227082667,0.11344097443734452,0.5226065417150376,0.3383219775595757,0.37400380955246454,0.26433451209040215,0.13282270774452418,0.3145373202550185
"np.mean(abs(np.square(np.cos(2*np.pi*array_x+8.522119060948715))), axis=1)+10*(np.sin(2*np.pi*np.mean(abs(np.square(np.cos(2*np.pi*array_x+7.033007963676241))), axis=1)))",0.2535964949987159,0.238596856671614,0.23293693900648127,0.19679419930059308,0.26669629773698095,0.25803414455582196,0.23972907471364405,0.30872797177321476,0.2971271046326489,0.23323525634788364,0.22770058474694127,0.2600202777082752
"np.mean(array_x*np.sin(2*np.pi*array_x), axis=1)",0.32683575749648164,0.41080269857044355,0.4451342624888293,0.22221479986718295,0.3749052044049236,0.3951245247623266,0.3461777727482114,0.391483221903946,0.3967646898911047,0.29226400432034605,0.40476366559141297,0.34460519400902134
"np.mean(array_x*np.sqrt(abs(8.539254803955242/array_x/7.539579624288437))+4.392285388009979*7.814236298338566+array_x, axis=1)+np.sin(2*np.pi*np.mean(array_x*np.sqrt(abs(8.190324014124602/array_x/3.021625463107569))+4.8915380482343505*6.126811040156101+array_x, axis=1))",0.15089647768831513,0.8453812351082303,0.8003976582569823,0.5025103562018507,0.11362730862692275,0.14198324579117447,0.11657236280381758,0.09936751986620301,0.10227626431312728,0.08755233693477926,0.8563548159797267,0.0939666052551101
"np.mean(array_x+(np.array(range(1, array_x.shape[1]+1)))-9.436616447171113-4.433925255130053*np.cos(2*np.pi*array_x+np.sin(2*np.pi*9.48222020112269)/np.sin(2*np.pi*array_x-9.823326306510774))+array_x+4.853481343178264-7.8570943536787885, axis=1)",0.26569300342905294,0.7765130606459888,0.7719023649531195,0.6291842937035397,0.125762401245043,0.284920942597209,0.12821902260603948,0.1372565231430406,0.15959954092425854,0.1498802017280862,0.7725096070859817,0.1339961436823314
"np.mean(array_x+8.74506642436598*array_x, axis=1)+np.sin(2*np.pi*np.mean(array_x+9.441356051190136*array_x, axis=1))",0.01223859285747526,0.8984441808832087,0.6004798427089034,0.09082063831469327,0.0020454850301383823,0.011266743743053151,0.0030698734870607597,0.001909921302298423,0.0014032965606483117,0.0012978198118529674,0.9080681300124114,0.0017280915319775392
"np.mean(array_x-array_x-abs(np.sqrt(abs(10*(array_x)))*np.sqrt(abs(np.log(abs(array_x))))), axis=1)",0.03691360559907576,0.7202924585974528,0.5819709532229003,0.06649579980449652,0.03515875235540948,0.028468713352437332,0.029197405771740074,0.030570244827216108,0.038987456608378275,0.030037334215703225,0.9087924951742883,0.028014451738492378
"np.mean(array_x-np.sin(2*np.pi*3.2152101724708264)-9.099649298376933, axis=1)+10*(np.sin(2*np.pi*np.mean(array_x-np.sin(2*np.pi*8.232367348917832)-8.592681299788332, axis=1)))",0.41261558708199025,0.5289498090250351,0.6256723696792232,0.5879704825619045,0.3916898894820753,0.47189006608278156,0.3734294585374433,0.41632782895724957,0.3993747862200891,0.4411816343972028,0.46407505477742733,0.3858669450111323
"np.mean(array_x-np.sin(2*np.pi*array_x)/7.933254575109371/array_x-np.cos(2*np.pi*5.490183729180598), axis=1)",0.02415927898005404,0.8829105944432735,0.6437611061979898,0.10733878540883011,0.021446896292612073,0.02164709522750999,0.02115626346767078,0.021382955711778114,0.020393770632657127,0.020058696001626113,0.9013944262083777,0.02100949573843488
"np.mean(array_x/7.617409661937174+6.368308151712973*7.962826702749529-(np.array(range(1, array_x.shape[1]+1)))/1.702608502917077/5.034092361159755-1/(array_x), axis=1)",0.952168868915025,0.7457115558343318,0.9144317823457843,0.7308819564949343,0.9858658277069402,0.966512947313417,0.9842483113103425,0.9732110581196438,0.9603098027968373,0.9637106404404057,0.4205846949099291,0.9697921895199231
"np.mean(array_x/np.sqrt(abs(np.round(np.round(10*(6.936706873207292))))), axis=1)+np.sin(2*np.pi*np.mean(array_x/np.sqrt(abs(np.round(np.round(10*(3.396744414371965))))), axis=1))",0.2990935765169908,0.6596593956158168,0.661652731099609,0.38731068712582745,0.29022060250819287,0.2618873629828851,0.25337864000412624,0.2610019104602348,0.3073708920474988,0.2894048491434427,0.6640278362841099,0.26606058729868437
"np.mean(np.cos(2*np.pi*-(8.76963795293531/np.square(array_x/3.2017323835419074)/2.684344256037676)), axis=1)",0.3324967609266645,0.2316536960399117,0.3127058922148638,0.21290747747359265,0.44073659538254234,0.36960948930900733,0.4649298458367888,0.40037882960022564,0.3996317851059045,0.3640613529909752,0.2667626989009928,0.3551758444818489
"np.mean(np.cos(2*np.pi*-(np.log(abs(4.602097223354574-array_x)))), axis=1)",0.37678395076924365,0.2547088087768511,0.39220652571951414,0.3125300663000192,0.5148718904853596,0.3950768052964391,0.49636000118805673,0.47655555249069514,0.48051091824124836,0.41501898064839987,0.26263056472713664,0.4271987546680536
"np.mean(np.cos(2*np.pi*1.5529757846973018-array_x/4.394376956100551), axis=1)",0.10966683607833333,0.11018494681812348,0.10020823935623946,0.060055514699916795,0.6080971268889424,0.1115214773434237,0.6497946296143438,0.42274725450107675,0.31820614896242894,0.2621922944127732,0.12997693809359315,0.36138638912022003
"np.mean(np.cos(2*np.pi*2.234491218133252)*np.log(abs(np.sqrt(abs(np.square(2.8422505347355242)-4.348710547896958-array_x-10*(4.2333676619714575))))), axis=1)",0.001745831764340178,0.9455102128169552,0.4850360191869214,0.024061563267183502,0.0019625754600519026,0.001650856702457546,0.0029362814797045255,0.002020232051526366,0.0014696879363680852,0.0013298187726786094,0.8221274171734949,0.0019818479568061635
"np.mean(np.cos(2*np.pi*5.7837047572543865)-np.sin(2*np.pi*array_x), axis=1)+10*(np.sin(2*np.pi*np.mean(np.cos(2*np.pi*5.48505410361468)-np.sin(2*np.pi*array_x), axis=1)))",0.23817556971240364,0.1801140248845023,0.19616653012723645,0.2082838508714307,0.2056454378755757,0.2440505426029274,0.20875243350995085,0.26126427505180294,0.31282633249240377,0.23220613008435453,0.20205489817203742,0.2433087022385202
"np.mean(np.cos(2*np.pi*6.525199991520529)-array_x, axis=1)+np.sin(2*np.pi*np.mean(np.cos(2*np.pi*9.251089659486123)-array_x, axis=1))",0.3549645277840604,0.9043690414904073,0.8700790767680764,0.8331329582606419,0.08923029712050674,0.22494031922342553,0.0955541190413249,0.11220104807818236,0.11404455427858112,0.14514009872601183,0.9422815959881646,0.11150582263598852
"np.mean(np.cos(2*np.pi*6.999409747301341*10*((np.array(range(1, array_x.shape[1]+1)))*array_x)), axis=1)",0.3550517839985325,0.3013555279926486,0.33025398523674915,0.2823953142578342,0.37025478974634857,0.3834624890915508,0.4173327947337259,0.3691564179599187,0.40269746290645025,0.4033549865837132,0.2913228004056469,0.40789168040784907
"np.mean(np.cos(2*np.pi*8.210449408272318-np.sqrt(abs(array_x))+3.1238626914688536), axis=1)",0.27006089018568713,0.12884063574267013,0.1983609839857065,0.12923926842172564,0.4988353866646895,0.2731365447128355,0.5253544352555821,0.4581197319170336,0.4213886296601631,0.3608057919185391,0.1373502803030601,0.3964836247157102
"np.mean(np.cos(2*np.pi*array_x*2.859666003183384/4.696614263899745), axis=1)",0.40160454343551955,0.30517194330084113,0.3242027809360886,0.22734557946224318,0.4376568067961922,0.43985993090150344,0.4978245717706244,0.47260159216795405,0.4570873729236654,0.4054871103032836,0.2641109704171207,0.4802488174945673
"np.mean(np.cos(2*np.pi*array_x+1/(5.652846671175224)+np.square(1.2094051600655678)/np.log(abs(array_x*array_x))+3.459891555857854+10*(5.879328578251553)+array_x), axis=1)",0.3739633674760028,0.22712639193906722,0.3421598400668821,0.1901157941217433,0.4159519004037833,0.4223172848016494,0.554090282453795,0.44330686923801593,0.4639074691681884,0.4000979430741218,0.2533856121736376,0.414340398563387
"np.mean(np.cos(2*np.pi*np.cumsum(np.sqrt(abs(array_x-np.square(array_x)-np.round(2.1771537296513754))), axis=1))+np.exp(7.661242246111579)/8.965698565685614-array_x-3.2762851360051615, axis=1)",0.3486793943870864,0.7491241167730094,0.7332548018566857,0.5126546161728495,0.35178900480060454,0.32776760798909765,0.33983880521529686,0.3393357901507376,0.3279363725600239,0.322565916261796,0.7643641135139677,0.31634633918155336
"np.mean(np.cos(2*np.pi*np.exp(np.cos(2*np.pi*array_x)-np.cos(2*np.pi*array_x))/array_x-8.24958142015071), axis=1)",0.38813047942463075,0.48709881269530814,0.5733525814398478,0.4319786767558467,0.4082625856018488,0.36889483873051,0.42166731096161536,0.39152920708246547,0.402388221863102,0.3654738369123463,0.5079624979556231,0.3624299724154124
"np.mean(np.cos(2*np.pi*np.square(array_x)), axis=1)+np.sin(2*np.pi*np.mean(np.cos(2*np.pi*np.square(array_x)), axis=1))",0.32047839138350365,0.20302793382614015,0.2874666008698854,0.245199880743727,0.33283913173190854,0.38113599102072776,0.4082332679470778,0.4356640242347602,0.40821585109729464,0.357511262469661,0.23660062882301744,0.34524053663383375
"np.mean(np.cumsum(np.log(abs(8.647396388002386+array_x+3.94469526121437-np.exp(6.287512670544029))), axis=1), axis=1)+10*(np.sin(2*np.pi*np.mean(np.cumsum(np.log(abs(8.973736411818816+array_x+6.61661758752112-np.exp(5.313484261855889))), axis=1), axis=1)))",0.009155214925219068,0.889049554057216,0.7542633884169156,0.07039436432866336,0.0015249134265108303,0.008506522295946815,0.0012609403897131818,0.0016347811940194117,0.0014666402747660814,0.0013279902648784883,0.8880792264496143,0.001161274589195558
"np.mean(np.cumsum(np.sqrt(abs(6.3967740503347805+array_x))+2.5227512718890828, axis=1), axis=1)",0.0025400818352015035,0.9138800770295421,0.8002843260984791,0.0912575611441188,0.0013290048514447558,0.0017168026455036084,0.0013054839609207669,0.001510975073376458,0.0011202958611814654,0.0010160685359246967,0.9248531193032226,0.0010799225863203045
"np.mean(np.cumsum(np.sqrt(abs(np.log(abs(7.407228841328026))))/1.3768692997631984+5.393322127846006*array_x*1.4953094910073015/9.881213407356991-array_x, axis=1), axis=1)+10*(np.sin(2*np.pi*np.mean(np.cumsum(np.sqrt(abs(np.log(abs(3.0388059311498905))))/6.50176324748039+2.6859066816867845*array_x*8.793920242741146/6.700423538421745-array_x, axis=1), axis=1)))",0.3550896607375524,0.3360027577843227,0.3710753574063039,0.33117690224906177,0.2813470839085513,0.3573150120902624,0.33752008255814336,0.31414450022560453,0.3485599549109336,0.3173455260181255,0.38408911256166006,0.3625301088168969
"np.mean(np.cumsum(np.square(2.3890952615340657*abs((np.array(range(1, array_x.shape[1]+1)))*array_x)), axis=1), axis=1)",0.12636235379430844,0.04252839010642526,0.06994417083736035,0.03213128770306774,0.48709816540748485,0.12868033793261335,0.6094617563560345,0.4666132836568357,0.42200065543904924,0.29057338868992383,0.03077051854817669,0.35924218840149313
"np.mean(np.cumsum(np.square(4.433213479023496)-array_x*9.11824018877366, axis=1), axis=1)",0.17323924269846405,0.43537809069359007,0.39341891681964997,0.11486544235780523,0.34003793550008227,0.17389200176231423,0.39682020181583694,0.2921282908349545,0.2890537433930541,0.2750720123590321,0.5371809134331992,0.24485363071900884
"np.mean(np.exp(4.428063997286998*array_x+(np.array(range(1, array_x.shape[1]+1)))), axis=1)",0.018107192834601365,0.34358811297189873,0.2724190960243576,0.009451600301988028,0.06972094583357072,0.015847624369567086,0.0813060432611093,0.05116662265260169,0.05008453082700492,0.03727236027717314,0.8249558177648635,0.038366589975762894
"np.mean(np.exp(6.433006136590579/np.square(array_x)/-(9.398919890852286)-array_x)+np.cos(2*np.pi*8.31338085663622)-array_x*9.405618012380764-array_x, axis=1)",0.024603435824600565,0.7599919460916306,0.32248098666714603,0.07350467913223302,0.04403786238647598,0.023139516362334626,0.05729873157862807,0.03797082661176976,0.040368057786853415,0.0431799125536939,0.8623298319700767,0.0347427610108792
"np.mean(np.exp(abs(array_x))*8.918928182387592, axis=1)",0.060559084035743345,0.009301874887962669,0.017797693485251263,0.006943032380237423,0.3794784599734436,0.05974856327576616,0.5340084594826768,0.31697618725545257,0.24163818032962736,0.18180287107249268,0.01658833679711938,0.15017980083449425
"np.mean(np.exp(np.cos(2*np.pi*array_x))+np.sqrt(abs(np.sqrt(abs(5.437713891391107))))+np.sqrt(abs(array_x)), axis=1)",0.28039590931459396,0.20515073187350236,0.3022211461012314,0.2502914665327416,0.4138340628392077,0.3583004287732682,0.4707164764158522,0.4418889763112498,0.40212882204538125,0.3590341398984726,0.15464637001864168,0.3830687333475374
"np.mean(np.exp(np.exp(4.464212638128036)-np.cos(2*np.pi*array_x+6.1412446666979505/7.373747901714342)), axis=1)",0.39047781699867373,0.26087491560157877,0.3183660666828946,0.19685670192667892,0.473162289572429,0.4258282564798542,0.5349619027996235,0.4476997095608927,0.47351104402773486,0.4043926168749598,0.2695848309909645,0.38279204219071716
"np.mean(np.exp(np.exp(abs(array_x))*4.289158941966932), axis=1)",0.08047500546837248,0.08085019147201533,0.11315904039232434,0.05072735298293005,0.24547217390740148,0.0770310699131017,0.33512487986989387,0.19447208954390313,0.17531285552150355,0.14092591853834277,0.0812258395348496,0.14749171722484036
"np.mean(np.exp(np.sin(2*np.pi*array_x-6.919841728367126+array_x*3.104947827755012)), axis=1)",0.38769003835078836,0.28836108204555705,0.31250609125098094,0.2232707438734346,0.5020305363654761,0.4011677693267519,0.454653526270633,0.4525459390285301,0.4523854492686674,0.4309890821807121,0.24421260146484902,0.4147730410426898
"np.mean(np.log(abs((np.array(range(1, array_x.shape[1]+1)))*array_x-np.sqrt(abs((np.array(range(1, array_x.shape[1]+1)))*array_x*7.582752090537003))+8.034498479247768*1.0371875253604765)), axis=1)",0.5731926058036786,0.21633883663101,0.5095089009516489,0.33764995325707936,0.7456474619706721,0.5626126057110132,0.76248433349347,0.6967797081719687,0.6802772088577904,0.6233990692437711,0.19798173603143293,0.6635129797187321
"np.mean(np.log(abs(1/(6.131522180733958*array_x*3.5859744132332145+-(8.229374065019483+array_x)*2.588335027374752))), axis=1)",0.09400589422592198,0.7832024005362325,0.6162326001616388,0.11672489941570491,0.10813773039385179,0.09365686237093217,0.10112064818088799,0.09934967041470166,0.08107675688101873,0.09267654283495749,0.8520802929293633,0.09600834132796679
"np.mean(np.log(abs(6.699463606394204*np.log(abs(array_x-4.479491147899518-1.1180659822973595)))), axis=1)",0.3251203911125248,0.8354834049481614,0.7264196565041928,0.4491151400572146,0.18474080922321456,0.2261082475075421,0.09839435096697231,0.15515742912937172,0.21774465051791878,0.24514902649565193,0.8226775448102631,0.13304052116385484
"np.mean(np.log(abs(8.314265372661168+array_x))-4.175437683359692, axis=1)",0.00532126313846137,0.9412383772577856,0.6275095507843594,0.030438458435813404,0.004935085419160574,0.00429117386857855,0.003882860003216177,0.004478485719384612,0.0047991289768649055,0.004388489546041285,0.9030787748984723,0.005064139258218376
"np.mean(np.log(abs(np.cos(2*np.pi*(np.array(range(1, array_x.shape[1]+1)))*array_x)))+1.4049660755531566, axis=1)",0.6050898201793973,0.5748982107536699,0.568978699782169,0.5081510961083321,0.6825604403759872,0.61969592210257,0.6697911348823047,0.6593549050089517,0.6307044960692675,0.6540617655943608,0.5229682826063066,0.6441653828897542
"np.mean(np.log(abs(np.cos(2*np.pi*5.379796600008618+array_x/7.200067040740354*np.sqrt(abs(4.9045979192603015-array_x))))), axis=1)+10*(np.sin(2*np.pi*np.mean(np.log(abs(np.cos(2*np.pi*9.597550607713753+array_x/6.012227197209045*np.sqrt(abs(2.94666481991304-array_x))))), axis=1)))",0.2871310446662286,0.2639283943326901,0.26068166725598746,0.23339056021662105,0.3139390081313328,0.2652896283225327,0.34142466765169405,0.3201666846295532,0.31448464832158807,0.26306038198437276,0.24886619672631835,0.2645039655234691
"np.mean(np.log(abs(np.sin(2*np.pi*np.exp(np.cos(2*np.pi*np.log(abs(np.sqrt(abs(np.sin(2*np.pi*9.61918033385989)))))))-8.180328766680809+array_x*np.sqrt(abs(np.log(abs(5.512003092768751))))))), axis=1)",0.5548269130585188,0.4122169139886945,0.48592620537157444,0.4316749811991211,0.5667715222499868,0.5494999058094046,0.6083991283186678,0.5665345936836643,0.5682416262091585,0.5638933500734491,0.4297386032413895,0.5385067612481755
"np.mean(np.round(1/(np.sqrt(abs(1.9593418452799916))))-np.sin(2*np.pi*array_x), axis=1)+np.sin(2*np.pi*np.mean(np.round(1/(np.sqrt(abs(7.287837360872685))))-np.sin(2*np.pi*array_x), axis=1))",0.20890889892819686,0.16898833589557224,0.1770682454038369,0.19659205890153789,0.23445995533215594,0.21792971365337557,0.20080631540419897,0.27556032006920606,0.2624435746632183,0.29782599920326663,0.18310021270182603,0.2118942112756006
"np.mean(np.round(4.895605738742431-array_x)*-(np.cos(2*np.pi*2.1347776148015214))*np.sqrt(abs(1.885799702370134+array_x))*np.sin(2*np.pi*1.4597231400881496)-np.cos(2*np.pi*4.665443128459709), axis=1)",0.17086179208497854,0.8229749777748048,0.7603400270805102,0.4466908773898355,0.08070526016681075,0.14570818762420262,0.0880628469424681,0.10848918688248457,0.10881705160143479,0.08932389351137121,0.8367302933039008,0.08707888801797559
"np.mean(np.round(array_x)-6.585561520798064+np.exp(9.780927887433755)*np.square(np.cumsum(array_x, axis=1)-np.square(5.062917922254516)), axis=1)",0.19039686496841968,0.4443852684421804,0.40712091844565534,0.1278156809590256,0.3560318412338087,0.18691450856567074,0.39499234711800907,0.3067487334279547,0.30609724376445824,0.29131558093276455,0.5483851891235392,0.2669728362716525
"np.mean(np.round(np.exp(np.sin(2*np.pi*np.sqrt(abs(5.934754129591181+4.907140376326187/array_x))/9.055424913294079))), axis=1)",0.710408591569132,0.43293048984709337,0.5780131303718811,0.5319244968651514,0.8333063683842087,0.6971693502795376,0.8091775651672592,0.7455326641076512,0.7767683227806148,0.6736084165733489,0.45772392179678,0.7313833671541359
"np.mean(np.round(np.sqrt(abs(2.62593971356842))/array_x), axis=1)+10*(np.sin(2*np.pi*np.mean(np.round(np.sqrt(abs(8.124576073732975))/array_x), axis=1)))",0.8337335342976239,0.6452228575965497,0.8286930986322454,0.6318465436499673,0.8826431828208449,0.8527474603898342,0.8950235751915788,0.8668088544207697,0.8606634691359473,0.8480339335604395,0.6653264574304635,0.8504622595252287
"np.mean(np.round(np.sqrt(abs(array_x-8.759891765047056))), axis=1)",0.191303611512324,0.6751603689217476,0.7751999194018947,0.40985994635518347,0.11392875636657213,0.16784258305515004,0.09509282456223528,0.11010191033665563,0.11773528218126356,0.14488156141779693,0.5370762194508262,0.10190817368364562
"np.mean(np.sin(2*np.pi*1.7346300675169846/array_x+8.11883411743969-array_x+9.507083869960924), axis=1)",0.40473177714650466,0.24767508930774537,0.3472356566184158,0.21789452847584895,0.5072506579495788,0.38036459617631574,0.4604893251561265,0.4787817990635962,0.45343593926542125,0.4136342430385547,0.2945861934798048,0.3849528432850227
"np.mean(np.sin(2*np.pi*10*(np.square(np.square(array_x)))), axis=1)",0.4209534845844305,0.40845071724463766,0.4722069612108955,0.30552112418879956,0.38602052619602345,0.5030900905277457,0.45001871512606056,0.39611548122840295,0.5001785489303023,0.3950436490750465,0.4167587003323751,0.4709268800384009
"np.mean(np.sin(2*np.pi*8.078875710122762-np.cos(2*np.pi*array_x)*3.7285526447076176), axis=1)",0.6449111661789888,0.48620699720505484,0.6298105203850655,0.5320151767793976,0.7107600209079744,0.691033329093055,0.7183313703846299,0.6938236581646183,0.6928993615011503,0.7005510797226551,0.5082574040343703,0.682750301463339
"np.mean(np.sin(2*np.pi*abs(2.5002165352243066))+(np.array(range(1, array_x.shape[1]+1)))*array_x-2.555832811005472/(np.array(range(1, array_x.shape[1]+1)))*array_x-(np.array(range(1, array_x.shape[1]+1)))*array_x*7.0941089614118535, axis=1)",0.009554317395502594,0.8743817208536409,0.5853327035534964,0.08595464220916468,0.0036058712544578793,0.011390337170307947,0.0035965580803830922,0.003925549128846635,0.0030609720343077063,0.0031771700368445795,0.9263757589376802,0.0028117844316231226
"np.mean(np.sin(2*np.pi*array_x-4.36551990934977+7.477835665795919+(np.array(range(1, array_x.shape[1]+1)))-np.exp(6.948428457525055))*np.cos(2*np.pi*2.286858833693513)-array_x, axis=1)",0.0023883756651254073,0.8812370628129749,0.4901824597703894,0.08229359911934159,0.008175144258446,0.005562784094242113,0.009555392781857389,0.008607509609252526,0.007052821595258841,0.006475047001660577,0.9611170749693859,0.006741370392278433
"np.mean(np.sin(2*np.pi*array_x/4.330856884553846), axis=1)",0.2616231138822798,0.1735341622276871,0.21395642158475645,0.1301421692523537,0.5025963720117202,0.27780052432698243,0.4863957271919061,0.4396305588071608,0.38494084466847395,0.35813611510989285,0.16397105433842657,0.3895033606320626
"np.mean(np.sin(2*np.pi*np.cos(2*np.pi*np.cos(2*np.pi*array_x-3.8605218867911733)*array_x-7.688708818181816-5.204754057782349)), axis=1)",0.4381255454974255,0.33076366957190034,0.460048011558878,0.3126074253527049,0.46604510888681916,0.5010837229371274,0.5133900271627461,0.5052650908482167,0.5358553736169909,0.467710208157791,0.36679433637050346,0.4478044860377644
"np.mean(np.sin(2*np.pi*np.sin(2*np.pi*(np.array(range(1, array_x.shape[1]+1)))*array_x))-2.2202995591579677+np.sin(2*np.pi*array_x), axis=1)",0.5640347501366297,0.3657566853794426,0.4960086196199292,0.3808291696160858,0.6623965942510854,0.5539931943070713,0.6205132115652353,0.5924512910912341,0.5908042817182118,0.5583100362745905,0.376001107129618,0.5672575730059538
"np.mean(np.sin(2*np.pi*np.sin(2*np.pi*1.7900988624832934+np.square(array_x))-np.sqrt(abs(1/(5.747409120761086)))), axis=1)",0.37418786253308056,0.27385576750121676,0.3309144069076678,0.2515942527424581,0.42656680384328427,0.43015599415780303,0.5024610462286355,0.400124806177769,0.41532655520878037,0.37629423472657186,0.2630027674495029,0.3782707901762048
"np.mean(np.sin(2*np.pi*np.sin(2*np.pi*9.187880635219532+array_x+1.5044223213872236)), axis=1)",0.3215034389218892,0.24434275207636055,0.26409715507367804,0.1784790304406282,0.3918918053107712,0.3302968794494159,0.4216179185644435,0.43762874286270553,0.421544823289185,0.3743473598489163,0.2029028185762609,0.41573883566690334
"np.mean(np.sin(2*np.pi*np.sqrt(abs(9.660954552430109)))-np.exp(np.sin(2*np.pi*array_x)), axis=1)",0.5822772062664133,0.4339045398951037,0.4826033004402818,0.4570210757999249,0.5821794591352614,0.5721013021267408,0.6061000374689904,0.5824514677369513,0.5783005337099204,0.5397862476905234,0.40950485116932434,0.5656837595630315
"np.mean(np.sin(2*np.pi*np.square(1.398895855367583))-(np.array(range(1, array_x.shape[1]+1)))*abs(2.804074857058135)/np.sin(2*np.pi*6.1547826676345965)/(np.array(range(1, array_x.shape[1]+1)))/array_x+4.163552455256388, axis=1)+np.sin(2*np.pi*np.mean(np.sin(2*np.pi*np.square(1.044437708479418))-(np.array(range(1, array_x.shape[1]+1)))*abs(8.435640265883402)/np.sin(2*np.pi*3.0054462899963035)/(np.array(range(1, array_x.shape[1]+1)))/array_x+2.3475528486108135, axis=1))",0.9501060419805873,0.7157881508894759,0.9152333206801068,0.7688071282392148,0.9824503215907618,0.9607247191550795,0.9817488261176543,0.9727116868348986,0.9578899039901861,0.9612228663217393,0.46619415042759094,0.9656322666492804
"np.mean(np.sqrt(abs(1.165567396312201+(np.array(range(1, array_x.shape[1]+1)))*8.45913782750636+array_x)), axis=1)",0.009306564714559106,0.8711720021589041,0.6609475308484579,0.090619773073026,0.005570681212041729,0.00682549321809254,0.004394055890338,0.0062072806785655734,0.0061230673109678065,0.005286757104757375,0.8818927300177835,0.005013607698584757
"np.mean(np.sqrt(abs(1.3562048436141483+array_x*4.161631029098471))/np.cos(2*np.pi*np.square(np.sin(2*np.pi*7.327154306886924-7.050380849939833*array_x))), axis=1)+10*(np.sin(2*np.pi*np.mean(np.sqrt(abs(8.853994699561643+array_x*5.71470226152589))/np.cos(2*np.pi*np.square(np.sin(2*np.pi*9.571264869361958-8.668768489114438*array_x))), axis=1)))",0.7085529375848134,0.6077650628489112,0.71839537157828,0.5969388829807921,0.7610558045472903,0.7383558029151047,0.7791163767176051,0.7542069434592142,0.8151652499530306,0.7289236540454394,0.5756506714176243,0.7440364403795872
"np.mean(np.sqrt(abs(10*(array_x-5.662601759243849/array_x))), axis=1)",0.3243993068824442,0.1879672004153545,0.26396891615172324,0.17691870427019052,0.6049001886614359,0.32721265005302774,0.5404280070253028,0.4978534070662682,0.4735881458529512,0.4084949989281622,0.15293285370095358,0.44368411251454615
"np.mean(np.sqrt(abs(2.918961930964403))*array_x-np.sin(2*np.pi*np.cos(2*np.pi*np.round(5.56865759089349))), axis=1)+10*(np.sin(2*np.pi*np.mean(np.sqrt(abs(4.872428451203488))*array_x-np.sin(2*np.pi*np.cos(2*np.pi*np.round(2.4844380466639486))), axis=1)))",0.45940568186624736,0.52020559324572,0.5589684315820795,0.4947507045233897,0.3398884531484484,0.4387753387673969,0.38654041113478355,0.39947233290980383,0.41724389084551744,0.35965273916512025,0.5616872448072794,0.36677478668695135
"np.mean(np.sqrt(abs(2.92051025718363/array_x*8.20527505620758))-np.square(3.57402113902223)-np.cos(2*np.pi*array_x-array_x), axis=1)+10*(np.sin(2*np.pi*np.mean(np.sqrt(abs(4.068960275019671/array_x*7.996496371289244))-np.square(4.148754248430369)-np.cos(2*np.pi*array_x-array_x), axis=1)))",0.4138995281190536,0.37239034586266406,0.40247480063575913,0.3172131720357527,0.43325227663206545,0.4029641592552398,0.4353829394417975,0.4071399403534457,0.4202667546538197,0.3797489361466749,0.37711779900644876,0.4103236742298867
"np.mean(np.sqrt(abs(3.5161548293267657+abs(6.92453656790169)*np.sqrt(abs((np.array(range(1, array_x.shape[1]+1)))*array_x/5.263096873816792*(np.array(range(1, array_x.shape[1]+1)))*array_x)))), axis=1)",0.2920038279366801,0.037120347003105424,0.15979369190442616,0.08095564812866568,0.6911167632485844,0.30296329530605837,0.6934276263293658,0.6337187205764583,0.5642173293220141,0.4960033223260721,0.04982199668483262,0.5418995488786783
"np.mean(np.sqrt(abs(6.8263988370346995+array_x*array_x)), axis=1)",0.17230295584473082,0.06225709436899774,0.09845266445410272,0.06166768120701378,0.5304859258709507,0.18472710458462116,0.607386142383673,0.514754414377874,0.4109355524205162,0.345107829836547,0.03716804013268065,0.37952123837890867
"np.mean(np.sqrt(abs(np.cos(2*np.pi*2.485914468725377-array_x-3.8240950231007873/5.743269749832998)+3.0616245750776647-array_x)), axis=1)",0.31194080722645146,0.550588898995826,0.5903355677987794,0.3245733550591316,0.39776646774261737,0.29460308695341675,0.3889870852836662,0.3834802667881172,0.35665492848488306,0.34668497176766755,0.5864861961557469,0.35805991397502546
"np.mean(np.sqrt(abs(np.cos(2*np.pi*5.813974436455042+np.square(array_x)))), axis=1)",0.5807074052529341,0.5238926021955961,0.5431823985273225,0.48172046999751367,0.6575135143823195,0.578620573426289,0.6138957689640483,0.6375928742603094,0.601118604732391,0.6393865831449534,0.4710050351266387,0.6290623217432614
"np.mean(np.sqrt(abs(np.cos(2*np.pi*array_x-2.607414006810997)))*np.round(np.exp(9.94274823887259-array_x)), axis=1)",0.11762008835085692,0.3701112909025769,0.2737621922898324,0.1411352674347678,0.29437378130766073,0.11869299091317018,0.28558142830632594,0.2516710254788668,0.22338149229918491,0.18337443243506008,0.42456060332707,0.19184624858442706
"np.mean(np.sqrt(abs(np.exp(7.479708467265919/array_x/4.63692468268208)/(np.array(range(1, array_x.shape[1]+1)))-4.1963499690099)), axis=1)",0.16580730988920908,0.14620291579103972,0.16759937151520216,0.11147956571961774,0.24774580089574477,0.16059931586142806,0.2559052132650687,0.2214151848055469,0.2304259661457064,0.1859514854240059,0.129557154930858,0.20114393426612764
"np.mean(np.sqrt(abs(np.round(array_x)))-8.027674160635335+array_x, axis=1)",0.005914014603958165,0.8944696060333921,0.531329323483323,0.09340298609881664,0.007094074667978534,0.0040847677087276785,0.009433088294523157,0.006526386776535637,0.006090370287368399,0.006084222137744846,0.8274788748445223,0.007404720800635402
"np.mean(np.sqrt(abs(np.sin(2*np.pi*array_x/2.012989912707866)/1.4768192026219418)), axis=1)",0.4247319237018922,0.3376081939500819,0.4157853140044835,0.2971609011287252,0.4410706910809384,0.44528559463391404,0.5053013768888855,0.44266664454647914,0.4579793377010919,0.4374200884538624,0.35030243791558324,0.4212742406214832
"np.mean(np.sqrt(abs(np.sin(2*np.pi*np.sin(2*np.pi*4.9351426604361155)*array_x)))+3.412033293586343, axis=1)+np.sin(2*np.pi*np.mean(np.sqrt(abs(np.sin(2*np.pi*np.sin(2*np.pi*6.745283169709056)*array_x)))+5.999016601855341, axis=1))",0.3890646849989121,0.27818389493622786,0.3449461161714505,0.2732141673774326,0.4585806445890323,0.3546636681935245,0.507821126355373,0.4912775072135605,0.45701509828483644,0.4374334314258095,0.30628280272796116,0.4267605388304672
"np.mean(np.sqrt(abs(np.sqrt(abs(5.527460694421939+np.cos(2*np.pi*array_x)-4.05171518798467))*10*(-(np.square(6.185488049253311))))), axis=1)",0.5773096293155094,0.46298206650386464,0.4935690001963862,0.39176741871135023,0.6228018082252804,0.5740265113530463,0.5930834616588179,0.6207203809495229,0.5932295335395659,0.5915313743899802,0.43253230500764883,0.5940946628133466
"np.mean(np.sqrt(abs(np.sqrt(abs(np.exp(np.sin(2*np.pi*array_x)))))), axis=1)",0.29589779508395997,0.1831692621196513,0.22972518611048032,0.11925192302648119,0.4653524441673929,0.3518922075270195,0.41165094543145725,0.4466077447276625,0.42962364191689956,0.4353832652935548,0.12609853441183086,0.36608366491614974
"np.mean(np.sqrt(abs(np.square(7.983720082507995)+np.cos(2*np.pi*4.950644160302193*array_x))), axis=1)",0.450348802689677,0.3558564300856474,0.40723887874737025,0.27010781843733556,0.48757196650908086,0.4565251903536431,0.5064189812393937,0.4737076072992975,0.4929392912404736,0.4378158734319164,0.3533445902702283,0.5296996565065668
"np.mean(np.square(5.534878951496233+array_x)-6.052320179037183+np.log(abs(array_x+5.63208631980844-5.725155472142469*abs(4.969165698224371))), axis=1)",0.004302447959439875,0.8321664164542412,0.45971302438979367,0.03918171550849302,0.008541075639085195,0.004475676318924892,0.015461585661085329,0.0075724264443791465,0.0063219807648505376,0.00813348926137822,0.7940562225587537,0.00670888781307724
"np.mean(np.square(8.947295517937462/np.cos(2*np.pi*-(array_x))), axis=1)",0.4002550108013223,0.31030682366177237,0.39580546491915464,0.29526466815079183,0.39143682523857865,0.40482136163567545,0.4583226664034784,0.3894294050734431,0.36247456996299393,0.39529514363770024,0.31592240691529655,0.43397855482286135
"np.mean(np.square(abs(4.299384960556748/np.sqrt(abs(1.5680359105463766+1/(np.sqrt(abs(array_x))))))), axis=1)",0.4260707046300313,0.07382430695383486,0.2529778422211135,0.2506260568397748,0.5981057877161645,0.4386948316308226,0.8748977370188769,0.61724437561144,0.5211029352657358,0.49176734683706685,0.026528426686065542,0.5441982780418381
"np.mean(np.square(abs(array_x)-7.573730237335664), axis=1)",0.004295164604693807,0.783004001265004,0.47317844866180614,0.0077313622218746665,0.001658337814398736,0.00402694807398599,0.00210166334291779,0.002306317060207716,0.0022741748956372028,0.0017136659586265016,0.8744740224442629,0.002065169986989398
"np.mean(np.square(array_x+array_x+1/(array_x)/3.2670653515232355+array_x), axis=1)",0.21888760007799327,0.05526822920148129,0.13283389301540172,0.058417359534750066,0.5727666391955545,0.23287114083673363,0.6481524801139852,0.5636739374357198,0.45736878597122266,0.3992255988543977,0.0723921675363902,0.4523131592258324
"np.mean(np.square(array_x/np.sin(2*np.pi*array_x)+6.249166895211594+8.808985169752617), axis=1)",0.35706932435273736,0.2835250010456855,0.2965645457141768,0.2427047157611915,0.4582146211929541,0.32686099230408866,0.41402753786607527,0.3500527844191005,0.4143566148833767,0.39785588886816714,0.2534767417669131,0.32657020171069384
"np.mean(np.square(np.cos(2*np.pi*array_x-3.3105325369693412)), axis=1)",0.3664144439309363,0.2009698959419236,0.26249660106036693,0.14371831803354065,0.4041773797927907,0.3676136077931531,0.44295978223509,0.436584900411591,0.4795391047776578,0.39049099845431,0.1925666876991758,0.3966051877803201
"np.mean(np.square(np.log(abs(array_x))+7.31139074078984), axis=1)",0.35016832889818816,0.04334244954356925,0.23471881860770158,0.1053826243071954,0.7675082806741226,0.3640910755627557,0.8250037913781749,0.6991009823629998,0.6538643553947694,0.5789564834235569,0.024795695460858677,0.6073713269695934
"np.prod(8.841167778457198+np.sin(2*np.pi*np.square(np.cos(2*np.pi*array_x))), axis=1)*10*(1.4897504546581013)",0.5112244676578283,0.32883729647282395,0.46588272863351315,0.3899681061310931,0.49683928409383227,0.4611110244325935,0.48243567530044956,0.4537372466035412,0.482213699303821,0.5264067937422522,0.39509783228723755,0.4760317797580072
"np.prod(array_x/1.7044019363928744-8.378790660233664, axis=1)",0.005579139223387688,0.9354197717880756,0.5118650657615884,0.02791399250670243,0.0076279487062131356,0.005734871897712862,0.010182454729660033,0.009390015874088293,0.006914489368931734,0.008036730349122844,0.8621119717753406,0.008037364118442813
"np.prod(array_x/8.080670061813736-np.sin(2*np.pi*np.sin(2*np.pi*(np.array(range(1, array_x.shape[1]+1)))+9.48402300455829)), axis=1)",0.1440560821325822,0.6278310014349114,0.5833074300100327,0.16173336973186628,0.18624115276634476,0.130584578729133,0.1511208014036146,0.16302223547147945,0.1784641492519409,0.17733620843410786,0.5869190305215002,0.1448663623028432
"np.prod(np.log(abs(array_x*array_x)), axis=1)-array_x[:,0]+7.665598945636369+np.sqrt(abs(np.prod(np.sqrt(abs(array_x)), axis=1)))",0.6034399343253999,0.4542352532701217,0.6787376372334474,0.45712948054898184,0.7155596825175821,0.688728199285179,0.7788163514123339,0.7203877679796012,0.6885407898665613,0.688095668269384,0.4494828783514205,0.7075419944543907
"np.prod(np.sin(2*np.pi*array_x), axis=1)",0.3304051184596869,0.1721784353646899,0.22339208140918868,0.11637597927087302,0.4641295531539399,0.36153855279037633,0.4809182010504668,0.46527908269914114,0.4413208372459434,0.3651905472298666,0.17107319569128962,0.3928070367461382
"np.prod(np.sqrt(abs(np.cos(2*np.pi*array_x+4.310616085025579))), axis=1)*4.9462302266139595",0.4008011564211193,0.29574313993082213,0.3569092087284024,0.27301033702764615,0.4025099678266536,0.4010948656306481,0.4741792547961299,0.42475187839106504,0.4604916268286481,0.3508045343987691,0.3152357106795818,0.34100537921846485
"np.round(np.amax(3.3672414304467875+np.round(np.square(np.square(np.square(array_x))-np.log(abs(6.189787346663439+array_x*(np.array(range(1, array_x.shape[1]+1))))))), axis=1))",0.12640930807957582,0.03039725692945271,0.045544481714709366,0.015821230767235028,0.3713196445824101,0.09459324737152773,0.42704567208113936,0.23666283779263422,0.2812920840883953,0.19979369259256605,0.027619647915228956,0.17178652195336824
"np.round(np.log(abs(np.mean(array_x, axis=1)/6.874624509892211)))",0.3779393816421668,0.23220121167129254,0.3001802069545588,0.2308445018442591,0.6153414554878455,0.34270775713310087,0.5560411630779768,0.44493267810730613,0.49606280949978704,0.42672108106020573,0.23779555855895768,0.4321869508251099
"np.round(np.mean(3.3749031626026817/10*(array_x*9.482163111800872)+array_x/9.592823875687689, axis=1))",0.0078856440463563,0.9269843034457282,0.6294749586329671,0.09863704808937132,0.001006470230018876,0.006462367781724778,0.0009303133605359062,0.0011336131187921683,0.0011533008957919399,0.000955275887999545,0.9861278113788841,0.0010187167218641082
"np.round(np.mean(4.394764948463017-array_x-6.365077456530688-array_x, axis=1))",0.04232414315459176,0.9031345928707892,0.7026144262142543,0.34006930045921246,0.00042450248680801913,0.018984537574982637,0.0006142697311842331,0.007308628413180782,0.0007050245164615636,0.0007165056109317956,0.9957442671410487,0.010690886583408778
"np.round(np.mean(array_x+8.596823169331856-4.614207126725492, axis=1))",0.09476451918906058,0.9785852707021881,0.983647544185093,0.8367432026069035,0.00025496035365651703,0.07556911914976626,0.0003111485449464183,0.011556573351548461,0.003289119658584972,0.01103646534738546,0.9981122988482237,0.015549708517000226
"np.round(np.mean(array_x/np.sqrt(abs(9.49896044415682/array_x)), axis=1))",0.1877237887317162,0.924498390496707,0.917804641698694,0.8439549514877019,0.07314602202866466,0.08645130546595708,0.0407224484923686,0.04877980965877791,0.07805579939077222,0.08251493245234057,0.8989492454938005,0.05198337501679174
"np.round(np.mean(np.round(2.1133580204304123*array_x)-array_x+np.log(abs(1.1045822451351515))*5.6650964517225075, axis=1))",0.20115904085029992,0.9415911527719807,0.9055816639023689,0.7379546341468736,0.013594335025403543,0.1739830767429492,0.012403182608403618,0.042282305292408555,0.023697054278848512,0.011795583705526943,0.993237339405283,0.05172591842423341
"np.round(np.mean(np.square(np.cumsum(array_x+np.sqrt(abs(9.463438932168845)), axis=1)), axis=1))",0.16918167943191073,0.5799753316298317,0.447105814444779,0.24889216990339436,0.14654528375539,0.14684059550410983,0.16722669861850212,0.16114470957665453,0.15575893351763617,0.18683724946013958,0.6694246319033783,0.1382250702548672
"np.round(np.mean(np.square(np.sqrt(abs(5.445416764307182))+np.sqrt(abs(5.362038409041048))-np.exp(1/(array_x*9.24050929740148))), axis=1))",0.4738577285744595,0.4557032435700675,0.5108028383597208,0.29717771566252016,0.5786940574716973,0.47757885503332353,0.6012667902810709,0.5104379153537685,0.5372017801805229,0.49264463018693555,0.4524776930524589,0.48171644293777993
"np.round(np.sqrt(abs(np.exp(5.247464713281296)))/np.mean(np.cos(2*np.pi*array_x), axis=1))+np.sin(2*np.pi*np.round(np.sqrt(abs(np.exp(4.857714513397076)))/np.mean(np.cos(2*np.pi*array_x), axis=1)))",0.5158414915181067,0.3895313867424832,0.5118101789208165,0.3512434318776051,0.5570676845336486,0.5157675338637919,0.5981224389935734,0.5366650447512124,0.5509974875113032,0.5466499027303869,0.46363385920425615,0.5202904267953822
"np.round(np.sqrt(abs(np.prod(np.square(2.5151235308094866)-array_x, axis=1))))",0.15555212918259592,0.8275966016944406,0.6869707229215212,0.3893421976662599,0.0408176479010687,0.09551686672193309,0.03587430176733062,0.06486985534308427,0.043380776933131665,0.0748029622957365,0.9159404333772153,0.08573192030993189
"np.round(np.sum(1/(5.295018293653385)+array_x, axis=1))",0.03526109897463379,0.9217656129528631,0.66892580270488,0.1306001986865506,0.017544709544758716,0.028875672530432234,0.016447902486016554,0.014479714070070737,0.014657937063975106,0.014062857735486056,0.9677235583358779,0.01841087520916642
"np.round(np.sum(2.9842721372064216/array_x, axis=1))+np.sqrt(abs(6.20426849087388))-np.sqrt(abs(9.155612463001244))-np.prod(4.616005507773814-array_x, axis=1)",0.054209537099411634,0.8355466341321288,0.5951083191050871,0.13267398993031163,0.0766786556758888,0.05454638062405465,0.06949310401838706,0.06564939077527457,0.07183009701848919,0.07384435973935385,0.8083942884070321,0.0570273880786894
"np.sin(2*np.pi*np.amax(1.7472852655434548-array_x, axis=1))",0.14257153126383548,0.0910924744892992,0.13450598956404355,0.13464536476629546,0.1768178453290842,0.19729499490059832,0.14408238438592091,0.16560914388244233,0.19907515939369363,0.15303974580090085,0.1566514719384734,0.1610776096404432
"np.sin(2*np.pi*np.cos(2*np.pi*np.sum(array_x, axis=1)-np.square(9.458949734448785)))+8.906475839953808",0.4997435053456579,0.48391645709236736,0.5375913480023304,0.48046621442099086,0.36343604542309527,0.45986040969799774,0.3856867835525651,0.41200752056681367,0.42437025322386646,0.41492938732337464,0.5393744938191181,0.3852311444456272
"np.sin(2*np.pi*np.log(abs(10*(6.576679681854969)))+np.sin(2*np.pi*10*(8.64351676145402))-np.sum(np.log(abs(array_x)), axis=1)+array_x[:,0])+10*(np.sin(2*np.pi*np.sin(2*np.pi*np.log(abs(10*(5.015049265168345)))+np.sin(2*np.pi*10*(3.5883041260738207))-np.sum(np.log(abs(array_x)), axis=1)+array_x[:,0])))",0.3294946241702808,0.25058566378121205,0.3171466107862784,0.24988797704280677,0.3295099157503455,0.32193038072528224,0.36250674262449983,0.3597587535269259,0.3672710162431783,0.3178726467364762,0.2912010643026046,0.2856163528592631
"np.sin(2*np.pi*np.log(abs(np.cos(2*np.pi*np.mean(6.790824394726766*8.090842631606876-array_x, axis=1)))))",0.41234178289875945,0.32904899758413114,0.3367853080213676,0.33257268314436617,0.37891043968322585,0.4234518360085606,0.4268474257757059,0.40072955270784033,0.41769159295775454,0.32856691219273626,0.34394521431258407,0.4048376410301146
"np.sin(2*np.pi*np.mean(array_x+array_x+8.172697926320904, axis=1))*abs(10*(8.979026783439629))",0.22796771880214156,0.19785897138003217,0.23742423104541494,0.1792380220823642,0.29690565650384165,0.2393913613902661,0.22933767099404068,0.3019193220104258,0.262088315538651,0.32670714705744186,0.21753647511556287,0.24216656771752867
"np.sin(2*np.pi*np.square(5.908641072000311-np.prod(array_x, axis=1)))",0.19679407252803727,0.178278087284896,0.1623485830219796,0.1497987879703121,0.2436521430784915,0.20860853893311274,0.1606167013597394,0.20866056675653993,0.22527389521788255,0.20788891120364325,0.1769562600936107,0.2034170662077105
"np.sqrt(abs(10*(4.302111472613474)))+np.mean(abs(array_x), axis=1)+10*(np.sin(2*np.pi*np.sqrt(abs(10*(9.810572493807479)))+np.mean(abs(array_x), axis=1)))",0.4120848407332047,0.32695312641727625,0.4100413428025047,0.31723581517539684,0.5796192904298756,0.3923671574024084,0.527717925214058,0.4935419070585069,0.49498698405927555,0.47541021411779705,0.34247295179499526,0.4461491909837407
"np.sqrt(abs(np.mean(np.sqrt(abs(2.6993265368340014-array_x*array_x*array_x/array_x)), axis=1)))",0.3245879448108338,0.10064486051389734,0.19214745209394826,0.12658582449461295,0.6754880922105012,0.3316476513168005,0.689312570143899,0.647161540527845,0.5792611513179114,0.49327698820255905,0.08019722214745942,0.5637853536184496
"np.sqrt(abs(np.mean(np.sqrt(abs(6.70373534253974+array_x*array_x-1.1103065694236063))+4.326481752143167, axis=1)))",0.13380569871607884,0.05787172756387956,0.06011160764599881,0.024637972091122378,0.5105055984772834,0.14707561695473323,0.6140110519330634,0.4884028750712002,0.37387807217494706,0.3247154543540868,0.03261554544688004,0.3408785918522424
"np.sqrt(abs(np.sqrt(abs(np.prod(np.square(np.exp(array_x)), axis=1)))))-1/(9.254777974942419)+np.sin(2*np.pi*np.sqrt(abs(np.sqrt(abs(np.prod(np.square(np.exp(array_x)), axis=1)))))-1/(2.4043744805549268))",0.02466095456569768,0.846313836732699,0.5458317481466157,0.08268637410182153,0.024196360273469338,0.027587430930512004,0.04113444530772831,0.02572711836530001,0.01983597931656296,0.021742864722862163,0.788789617936811,0.02395593039883419
"np.square(np.amax(4.317231791755593-np.exp(array_x), axis=1)/-(np.sum(array_x*array_x/array_x, axis=1))*5.031173734959746)+10*(np.sin(2*np.pi*np.square(np.amax(6.206588440422822-np.exp(array_x), axis=1)/-(np.sum(array_x*array_x/array_x, axis=1))*8.209742791123297)))",0.4957760365077934,0.42640408842102495,0.5259866961912396,0.38113115302259426,0.5413798660141432,0.4881410942236364,0.574427595707432,0.5227380749146024,0.5732219473372102,0.5146823314742499,0.45896099959563996,0.49759053232365924
"np.square(np.mean(array_x, axis=1))",0.16349850712237127,0.1654288531627308,0.15131420122928416,0.09606334090760832,0.3216202085610926,0.1138064985155784,0.3522261280185763,0.21949890497560148,0.20573151962450387,0.18094640681125806,0.18456337481771956,0.18046830110941847
"np.square(np.prod(2.0525445909909505-array_x+2.0849025663665435, axis=1))/np.log(abs(np.sin(2*np.pi*np.round(1.0509408761527093))))",0.2010159774451554,0.8663733950204175,0.6570991452084478,0.22832097410256985,0.19202607718692286,0.2093153616005834,0.21546589139199793,0.20630505951703648,0.2147410518775798,0.20251880036116085,0.8124176849282126,0.19290872852140772
"np.square(np.square(np.square(8.661150126446882+array_x[:,0]+array_x[:,0])+np.prod(array_x+5.294339894988571, axis=1)))",0.052647068349194096,0.8090830579778031,0.49362539641412484,0.08050476225104869,0.041741249765139085,0.045050620505315345,0.04747327002118069,0.04949753313728812,0.04066047005496474,0.04227333254665886,0.7715976382575224,0.044108556613771575
"np.sum(-(4.166341516324579-np.cos(2*np.pi*(np.array(range(1, array_x.shape[1]+1)))*array_x)/np.sqrt(abs(5.7610682899610035))+np.square(-((np.array(range(1, array_x.shape[1]+1)))*array_x))), axis=1)",0.15760287107100357,0.573086147817194,0.5193434666911232,0.18818446478722578,0.18598072305718985,0.1497588521592878,0.18788674680198839,0.1614291647626385,0.18144546386450905,0.15003644312431097,0.7067889249939228,0.15515816856339376
"np.sum(1.4242252418212025-array_x, axis=1)+np.sin(2*np.pi*np.sum(8.752529736919794-array_x, axis=1))",0.15968336599856237,0.8056644994845739,0.6675607313507399,0.3475575267966902,0.14536153989511016,0.14328426190061117,0.14572538043439884,0.1520765161204319,0.14438924062553296,0.14063010978639873,0.8823929244756026,0.15027794412433002
"np.sum(8.464852233167909*5.553325057594822+(np.array(range(1, array_x.shape[1]+1)))*array_x*np.sqrt(abs(10*(-(np.sin(2*np.pi*(np.array(range(1, array_x.shape[1]+1)))*array_x))))), axis=1)",0.2893520391007515,0.7598385611483235,0.7323718268251129,0.5529607720546935,0.12495957661909346,0.23756936449638177,0.14324583975460445,0.14138171362082874,0.14965051991517322,0.1636468141488427,0.740270422808871,0.1439503118228976
"np.sum(np.sin(2*np.pi*array_x), axis=1)+np.sin(2*np.pi*np.sum(np.sin(2*np.pi*array_x), axis=1))",0.3325200826905479,0.16728556358327723,0.2511554117454884,0.10524303633114335,0.44870091771254755,0.3673778081568719,0.4524469848671201,0.4054094846213574,0.41223031194715243,0.37905267111441737,0.1531432769584846,0.34729052609796945
"np.sum(np.sin(2*np.pi*np.sin(2*np.pi*4.2799899655320575)-np.sin(2*np.pi*1.6901811687850559)/array_x)-1/(6.407617784726231)-np.sqrt(abs(array_x)), axis=1)",0.05050818463683229,0.8046430476852682,0.6479113659791289,0.12366904339022809,0.06643568274430817,0.04696390801390527,0.06019880858547454,0.05050273787086881,0.048918166277889925,0.05401600151001655,0.8540657605893476,0.052135615349652886
"np.sum(np.square(np.cumsum(array_x, axis=1)), axis=1)",0.12242265262533629,0.16546893337566027,0.1657948762159112,0.05056195237127423,0.3204482021940154,0.12714440953964853,0.4235131064741479,0.2879204281753312,0.2169103964614104,0.22540563324129273,0.19869168748876068,0.19570633481513577
